epsilon,case,step,state_error,error_envelope,empirical_dynamics_lipschitz
0.0005,0,0,0.0,0.0,1.0024056115455204
0.0005,0,1,0.0005000000000000015,0.0005,1.0024056115455204
0.0005,0,2,0.0009951540663360008,0.0010012028057727602,1.0024056115455204
0.0005,0,3,0.0014860656911833176,0.0015036113108017346,1.0024056115455204
0.0005,0,4,0.0019732873397958254,0.0020072284155309744,1.0024056115455204
0.0005,0,5,0.0024573262207666776,0.0025120570273818726,1.0024056115455204
0.0005,0,6,0.00293905120130353,0.0030181000607699482,1.0024056115455204
0.0005,0,7,0.003418731882491247,0.003525360437121672,1.0024056115455204
0.0005,0,8,0.0038966948432064908,0.004033841084891333,1.0024056115455204
0.0005,0,9,0.00437327214208748,0.004543544939577943,1.0024056115455204
0.0005,0,10,0.004849421573120976,0.005054474943742183,1.0024056115455204
0.0005,0,11,0.005325502111386414,0.005566634047023393,1.0024056115455204
0.0005,0,12,0.005801158174560627,0.0060800252061566,1.0024056115455204
0.0005,0,13,0.006276644622452267,0.006594651384989585,1.0024056115455204
0.0005,0,14,0.006753533995254616,0.007110515554499999,1.0024056115455204
0.0005,0,15,0.007230735141434559,0.007627620692812507,1.0024056115455204
0.0005,0,16,0.007708257232522375,0.008145969785215987,1.0024056115455204
0.0005,0,17,0.008188052617906331,0.008665565824180764,1.0024056115455204
0.0005,0,18,0.008668973167611348,0.00918641180937588,1.0024056115455204
0.0005,0,19,0.009151456009020089,0.009708510747686422,1.0024056115455204
0.0005,0,20,0.009636247768779693,0.010231865653230865,1.0024056115455204
0.0005,0,21,0.010121970298879016,0.01075647954737849,1.0024056115455204
0.0005,0,22,0.010609502650326001,0.011282355458766819,1.0024056115455204
0.0005,0,23,0.011098572682684197,0.011809496423319094,1.0024056115455204
0.0005,0,24,0.011589593827617936,0.012337905484261813,1.0024056115455204
0.0005,0,25,0.012082779408661209,0.012867585692142294,1.0024056115455204
0.0005,0,26,0.012577683488815997,0.013398540104846285,1.0024056115455204
0.0005,0,27,0.013074125010493737,0.013930771787615622,1.0024056115455204
0.0005,0,28,0.0135713221743668,0.014464283813065922,1.0024056115455204
0.0005,0,29,0.014068683535253897,0.014999079261204317,1.0024056115455204
0.0005,0,30,0.014566463643671361,0.015535161219447247,1.0024056115455204
0.0005,0,31,0.015064865296589515,0.01607253278263827,1.0024056115455204
0.0005,0,32,0.015563741950453474,0.01661119705306594,1.0024056115455204
0.0005,0,33,0.016062875129526435,0.017151157140481713,1.0024056115455204
0.0005,0,34,0.016561743406168478,0.01769241616211789,1.0024056115455204
0.0005,0,35,0.017059616791075143,0.018234977242705636,1.0024056115455204
0.0005,0,36,0.017556391784604667,0.018778843514492993,1.0024056115455204
0.0005,0,37,0.01805221423620866,0.01932401811726298,1.0024056115455204
0.0005,0,38,0.018546661849817576,0.019870504198351714,1.0024056115455204
0.0005,0,39,0.019039645858286127,0.020418304912666583,1.0024056115455204
0.0005,0,40,0.019531118582978412,0.02096742342270445,1.0024056115455204
0.0005,1,0,0.0,0.0,0.9955663756982278
0.0005,1,1,0.0005000000000000051,0.0005,0.9955663756982278
0.0005,1,2,0.0009968118453158952,0.0009977831878491138,0.9955663756982278
0.0005,1,3,0.001490586359071277,0.0014933593920595663,0.9955663756982278
0.0005,1,4,0.00198144112987655,0.0019867383975676516,0.9955663756982278
0.0005,1,5,0.0024694699749221675,0.0024779299459269316,0.9955663756982278
0.0005,1,6,0.002954748127730717,0.002966943735500581,0.9955663756982278
0.0005,1,7,0.003437332919260411,0.003453789421652875,0.9955663756982278
0.0005,1,8,0.00391727904160516,0.003938476616939831,0.9955663756982278
0.0005,1,9,0.004394661213915456,0.004421014891299004,0.9955663756982278
0.0005,1,10,0.0048695181374518014,0.004901413772238444,0.9955663756982278
0.0005,1,11,0.005341912349859949,0.005379682745024806,0.9955663756982278
0.0005,1,12,0.0058119372645753075,0.00585583125287064,0.9955663756982278
0.0005,1,13,0.006279626887674573,0.006329868697120836,0.9955663756982278
0.0005,1,14,0.00674495165670381,0.006801804437438254,0.9955663756982278
0.0005,1,15,0.007207845108436084,0.007271647791988526,0.9955663756982278
0.0005,1,16,0.007668249313504023,0.007739408037624037,0.9955663756982278
0.0005,1,17,0.00812612866860656,0.008205094410067096,0.9955663756982278
0.0005,1,18,0.008581413130906072,0.008668716104092289,0.9955663756982278
0.0005,1,19,0.009034103787155284,0.009130282273708022,0.9955663756982278
0.0005,1,20,0.009484257212448943,0.00958980203233727,0.9955663756982278
0.0005,1,21,0.00993186838424427,0.010047284452997515,0.9955663756982278
0.0005,1,22,0.010376885977006084,0.010502738568479887,0.9955663756982278
0.0005,1,23,0.010819346460781991,0.010956173371527515,0.9955663756982278
0.0005,1,24,0.011259410571160405,0.011407597815013082,0.9955663756982278
0.0005,1,25,0.011697160643484908,0.011857020812115596,0.9955663756982278
0.0005,1,26,0.01213254957130664,0.012304451236496382,0.9955663756982278
0.0005,1,27,0.012565574643929605,0.012749897922474282,0.9955663756982278
0.0005,1,28,0.01299618781969089,0.013193369665200086,0.9955663756982278
0.0005,1,29,0.013424155967470286,0.013634875220830192,0.9955663756982278
0.0005,1,30,0.013849538230046284,0.014074423306699488,0.9955663756982278
0.0005,1,31,0.01427267897828923,0.014512022601493476,0.9955663756982278
0.0005,1,32,0.014693621924666089,0.014947681745419628,0.9955663756982278
0.0005,1,33,0.015112230032156079,0.01538140934037798,0.9955663756982278
0.0005,1,34,0.01552859163922145,0.015813213950130973,0.9955663756982278
0.0005,1,35,0.015942591290798155,0.01624310410047255,0.9955663756982278
0.0005,1,36,0.01635392888547828,0.016671088279396482,0.9955663756982278
0.0005,1,37,0.01676260867593294,0.01709717493726396,0.9955663756982278
0.0005,1,38,0.017168837450492243,0.017521372486970457,0.9955663756982278
0.0005,1,39,0.01757244553795611,0.01794368930411182,0.9955663756982278
0.0005,1,40,0.01797281264842994,0.01836413372714966,0.9955663756982278
0.0005,2,0,0.0,0.0,0.9914964427950954
0.0005,2,1,0.0005000000000000021,0.0005,0.9914964427950954
0.0005,2,2,0.0009956344616801692,0.0009957482213975477,0.9914964427950954
0.0005,2,3,0.0014867449397875947,0.0014872808194352116,0.9914964427950954
0.0005,2,4,0.001973167896231591,0.001974633641907387,0.9914964427950954
0.0005,2,5,0.0024547371847503086,0.0024578422317746984,0.9914964427950954
0.0005,2,6,0.002931266459536639,0.002936941829756172,0.9914964427950954
0.0005,2,7,0.0034025810630857263,0.0034119673768993634,0.9914964427950954
0.0005,2,8,0.003868535060271482,0.0038829535171286313,0.9914964427950954
0.0005,2,9,0.0043290243181897375,0.004349934599771742,0.9914964427950954
0.0005,2,10,0.004783961863912711,0.004812944682064989,0.9914964427950954
0.0005,2,11,0.0052332631645078944,0.005272017531637007,0.9914964427950954
0.0005,2,12,0.0056768733858832176,0.0057271866289714726,0.9914964427950954
0.0005,2,13,0.006114742841964687,0.0061784851698488494,0.9914964427950954
0.0005,2,14,0.006546807309158025,0.006625946067767384,0.9914964427950954
0.0005,2,15,0.006973017846484304,0.007069601956343511,0.9914964427950954
0.0005,2,16,0.007393406919299197,0.007509485191691839,0.9914964427950954
0.0005,2,17,0.007808073929424944,0.007945627854784905,0.9914964427950954
0.0005,2,18,0.008217142518688037,0.008378061753792859,0.9914964427950954
0.0005,2,19,0.008620655896500752,0.00880681842640326,0.9914964427950954
0.0005,2,20,0.009018675211821751,0.009231929142121132,0.9914964427950954
0.0005,2,21,0.009411421639161019,0.00965342490454948,0.9914964427950954
0.0005,2,22,0.009799141413751027,0.010071336453650393,0.9914964427950954
0.0005,2,23,0.010181956258029408,0.010485694267986937,0.9914964427950954
0.0005,2,24,0.010559943681831508,0.01089652856694597,0.9914964427950954
0.0005,2,25,0.010933342453823727,0.01130386931294207,0.9914964427950954
0.0005,2,26,0.011302407528633734,0.011707746213602701,0.9914964427950954
0.0005,2,27,0.011667143181730648,0.012108188723934826,0.9914964427950954
0.0005,2,28,0.012027706043314896,0.012505226048473065,0.9914964427950954
0.0005,2,29,0.012384356397181943,0.012898887143409612,0.9914964427950954
0.0005,2,30,0.012737161398834858,0.013289200718706021,0.9914964427950954
0.0005,2,31,0.01308611876896014,0.013676195240187046,0.9914964427950954
0.0005,2,32,0.013431175303668526,0.014059898931616672,0.9914964427950954
0.0005,2,33,0.013772353440691321,0.014440339776756494,0.9914964427950954
0.0005,2,34,0.01410976916705783,0.014817545521406586,0.9914964427950954
0.0005,2,35,0.014443559085393545,0.015191543675429027,0.9914964427950954
0.0005,2,36,0.014773855847371082,0.01556236151475421,0.9914964427950954
0.0005,2,37,0.015101079510773333,0.015930026083370092,0.9914964427950954
0.0005,2,38,0.015425774566505101,0.01629456419529453,0.9914964427950954
0.0005,2,39,0.015748229762602407,0.016656002436530856,0.9914964427950954
0.0005,2,40,0.0160685605120985,0.017014367167006786,0.9914964427950954
0.0005,3,0,0.0,0.0,0.9962860127803601
0.0005,3,1,0.0004999999999999999,0.0005,0.9962860127803601
0.0005,3,2,0.0009953212885991704,0.00099814300639018,0.9962860127803601
0.0005,3,3,0.0014864543082942084,0.001494435916021074,0.9962860127803601
0.0005,3,4,0.001973820870613625,0.001988885600128401,0.9962860127803601
0.0005,3,5,0.002457669434147919,0.0024814989044281985,0.9962860127803601
0.0005,3,6,0.0029382577453534913,0.0029722826492116017,0.9962860127803601
0.0005,3,7,0.003415682280221662,0.0034612436294392725,0.9962860127803601
0.0005,3,8,0.003890098262989854,0.003948388614835475,0.9962860127803601
0.0005,3,9,0.004361780478494765,0.004433724349981804,0.9962860127803601
0.0005,3,10,0.004830917559772255,0.004917257554410566,0.9962860127803601
0.0005,3,11,0.005297685653334184,0.005398994922697808,0.9962860127803601
0.0005,3,12,0.0057621949258587195,0.005878943124556007,0.9962860127803601
0.0005,3,13,0.006224641730993986,0.006357108804926416,0.9962860127803601
0.0005,3,14,0.006685241680824043,0.006833498584071059,0.9962860127803601
0.0005,3,15,0.00714400830762553,0.007308119057664392,0.9962860127803601
0.0005,3,16,0.007600994609839878,0.007780976796884621,0.9962860127803601
0.0005,3,17,0.008056236176075121,0.008252078348504678,0.9962860127803601
0.0005,3,18,0.008509883796810317,0.008721430234982865,0.9962860127803601
0.0005,3,19,0.008962373982702766,0.009189038954553159,0.9962860127803601
0.0005,3,20,0.009414315758541267,0.009654910981315176,0.9962860127803601
0.0005,3,21,0.009866256114649906,0.010119052765323811,0.9962860127803601
0.0005,3,22,0.01031647750084767,0.010581470732678537,0.9962860127803601
0.0005,3,23,0.01076479037434108,0.011042171285612376,0.9962860127803601
0.0005,3,24,0.01121118550564963,0.011501160802580537,0.9962860127803601
0.0005,3,25,0.01165575582338759,0.01195844563834873,0.9962860127803601
0.0005,3,26,0.012098455183292209,0.012414032124081145,0.9962860127803601
0.0005,3,27,0.012539193860049638,0.01286792656742811,0.9962860127803601
0.0005,3,28,0.012978237069663279,0.013320135252613418,0.9962860127803601
0.0005,3,29,0.01341577461828467,0.013770664440521338,0.9962860127803601
0.0005,3,30,0.013851833728984115,0.014219520368783293,0.9962860127803601
0.0005,3,31,0.014286479137003767,0.014666709251864224,0.9962860127803601
0.0005,3,32,0.014719570832269418,0.015112237281148626,0.9962860127803601
0.0005,3,33,0.015151172776039624,0.015556110625026275,0.9962860127803601
0.0005,3,34,0.015581804497546316,0.015998335428977623,0.9962860127803601
0.0005,3,35,0.01601196933893914,0.01643891781565889,0.9962860127803601
0.0005,3,36,0.016441715617852903,0.01687786388498682,0.9962860127803601
0.0005,3,37,0.016870533632965416,0.017315179714223156,0.9962860127803601
0.0005,3,38,0.017297725706961514,0.017750871358058765,0.9962860127803601
0.0005,3,39,0.01772308802048671,0.018184944848697464,0.9962860127803601
0.0005,3,40,0.01814681919859728,0.018617406195939545,0.9962860127803601
0.0005,4,0,0.0,0.0,1.0069967984751338
0.0005,4,1,0.000500000000000002,0.0005,1.0069967984751338
0.0005,4,2,0.000999024170816591,0.0010034983992375669,1.0069967984751338
0.0005,4,3,0.0014974370173554857,0.0015105196753071514,1.0069967984751338
0.0005,4,4,0.001995603247738774,0.0020210884770680004,1.0069967984751338
0.0005,4,5,0.0024937893334403428,0.0025352296258424603,1.0069967984751338
0.0005,4,6,0.0029924145871386863,0.0030529681166226686,1.0069967984751338
0.0005,4,7,0.0034916598568605203,0.003574329119285686,1.0069967984751338
0.0005,4,8,0.003991801112321367,0.00409933797981713,1.0069967984751338
0.0005,4,9,0.004493091950379043,0.004628020221543372,1.0069967984751338
0.0005,4,10,0.00499569967453736,0.005160401546372356,1.0069967984751338
0.0005,4,11,0.005499679537420338,0.005696507836043092,1.0069967984751338
0.0005,4,12,0.006005204934580149,0.006236365153383907,1.0069967984751338
0.0005,4,13,0.006515386390434249,0.006779999743579481,1.0069967984751338
0.0005,4,14,0.007028279412210603,0.007327438035446766,1.0069967984751338
0.0005,4,15,0.0075429791429501725,0.007878706642719818,1.0069967984751338
0.0005,4,16,0.008058925856869648,0.008433832365343626,1.0069967984751338
0.0005,4,17,0.008576674729288393,0.008992842190776996,1.0069967984751338
0.0005,4,18,0.009101086458088362,0.009555763295304543,1.0069967984751338
0.0005,4,19,0.00962741553752836,0.01012262304535787,1.0069967984751338
0.0005,4,20,0.010153485524311352,0.010693448998845985,1.0069967984751338
0.0005,4,21,0.010677875862725951,0.011268268906495032,1.0069967984751338
0.0005,4,22,0.011202350938941594,0.011847110713197394,1.0069967984751338
0.0005,4,23,0.011732538876943019,0.012430002559370235,1.0069967984751338
0.0005,4,24,0.012263674608769148,0.013016972782323546,1.0069967984751338
0.0005,4,25,0.012791754587680693,0.013608049917637767,1.0069967984751338
0.0005,4,26,0.01331604416501251,0.01420326270055104,1.0069967984751338
0.0005,4,27,0.013838940219428518,0.01480264006735618,1.0069967984751338
0.0005,4,28,0.014371048977034088,0.015406211156807412,1.0069967984751338
0.0005,4,29,0.014909836075478859,0.01601400531153695,1.0069967984751338
0.0005,4,30,0.015448755550958457,0.016626052079481497,1.0069967984751338
0.0005,4,31,0.01599309166627533,0.01724238121531871,1.0069967984751338
0.0005,4,32,0.016546338646437016,0.017863022681913726,1.0069967984751338
0.0005,4,33,0.01710190945081704,0.018488006651775822,1.0069967984751338
0.0005,4,34,0.01765698161136717,0.01911736350852523,1.0069967984751338
0.0005,4,35,0.018214517953305167,0.01975112384837026,1.0069967984751338
0.0005,4,36,0.01877493407846674,0.020389318481594716,1.0069967984751338
0.0005,4,37,0.019335816367933335,0.021031978434055756,1.0069967984751338
0.0005,4,38,0.01989471158208815,0.021679134948692204,1.0069967984751338
0.0005,4,39,0.020454382791405223,0.022330819487043435,1.0069967984751338
0.0005,4,40,0.021013686194480182,0.02298706373077887,1.0069967984751338
0.0005,5,0,0.0,0.0,1.0266060154790242
0.0005,5,1,0.0005000000000000027,0.0005,1.0266060154790242
0.0005,5,2,0.0010019921477769137,0.0010133030077395123,1.0266060154790242
0.0005,5,3,0.0015073068268063507,0.0015402629632483716,1.0266060154790242
0.0005,5,4,0.002018686704753094,0.002081243223490325,1.0266060154790242
0.0005,5,5,0.0025374086272587845,0.002636616812910123,1.0266060154790242
0.0005,5,6,0.003064914046656635,0.003206766680646665,1.0266060154790242
0.0005,5,7,0.003603733408633162,0.0037920859645895694,1.0266060154790242
0.0005,5,8,0.004159690527886977,0.00439297826246123,1.0266060154790242
0.0005,5,9,0.004726935344823663,0.005009857910111291,1.0266060154790242
0.0005,5,10,0.005306472923947517,0.005643150267215425,1.0266060154790242
0.0005,5,11,0.005905870018257349,0.006293292010575418,1.0266060154790242
0.0005,5,12,0.0065045474997128365,0.006960731435222807,1.0266060154790242
0.0005,5,13,0.007125839567071293,0.007645928763533675,1.0266060154790242
0.0005,5,14,0.007738047354096815,0.00834935646256777,1.0266060154790242
0.0005,5,15,0.008364037886525143,0.009071499569850738,1.0266060154790242
0.0005,5,16,0.008974743991217534,0.00981285602782415,1.0266060154790242
0.0005,5,17,0.009590199261335858,0.010573937027193874,1.0266060154790242
0.0005,5,18,0.010186987458394092,0.011355267359413623,1.0266060154790242
0.0005,5,19,0.010785544589694135,0.01215738577854664,1.0266060154790242
0.0005,5,20,0.011364873956981637,0.012980845372755121,1.0266060154790242
0.0005,5,21,0.011936008274995809,0.013826213945673464,1.0266060154790242
0.0005,5,22,0.012491591590714847,0.014694074407928352,1.0266060154790242
0.0005,5,23,0.01302759782045787,0.015585025179075628,1.0266060154790242
0.0005,5,24,0.013545413885085808,0.016499680600231097,1.0266060154790242
0.0005,5,25,0.014040186397747855,0.017438671357679802,1.0266060154790242
0.0005,5,26,0.014510810199217952,0.018402644917755846,1.0266060154790242
0.0005,5,27,0.014953222603537276,0.019392265973292643,1.0266060154790242
0.0005,5,28,0.015359013131700723,0.020408216901951423,1.0266060154790242
0.0005,5,29,0.015712988706535907,0.021451198236744025,1.0266060154790242
0.0005,5,30,0.01599057125220361,0.022521929149074454,1.0266060154790242
0.0005,5,31,0.016158094196800355,0.023621147944632215,1.0266060154790242
0.0005,5,32,0.016182939078015223,0.02474961257247942,1.0266060154790242
0.0005,5,33,0.016050081903253258,0.025908101147682657,1.0266060154790242
0.0005,5,34,0.015778358880911874,0.027097412487850026,1.0266060154790242
0.0005,5,35,0.015422491872585016,0.028318366663943266,1.0266060154790242
0.0005,5,36,0.015053141047145424,0.029571805565744822,1.0266060154790242
0.0005,5,37,0.014731738710415457,0.030858593482369724,1.0266060154790242
0.0005,5,38,0.014494203443398981,0.03217961769822257,1.0266060154790242
0.0005,5,39,0.01435053815738628,0.03353578910481056,1.0266060154790242
0.0005,5,40,0.014293527127433054,0.03492804282883444,1.0266060154790242
0.0005,6,0,0.0,0.0,1.0168504651232106
0.0005,6,1,0.0005000000000000048,0.0005,1.0168504651232106
0.0005,6,2,0.000999121143346084,0.0010084252325616052,1.0168504651232106
0.0005,6,3,0.0014985971021855566,0.00152541766677225,1.0168504651232106
0.0005,6,4,0.0019996171090729507,0.0020511216639645252,1.0168504651232106
0.0005,6,5,0.0025033336031594806,0.0025856840180266214,1.0168504651232106
0.0005,6,6,0.0030108815208221575,0.003129253996392022,1.0168504651232106
0.0005,6,7,0.0035233396163875308,0.0036819833817198933,1.0168504651232106
0.0005,6,8,0.004041763517844188,0.004244026514277806,1.0168504651232106
0.0005,6,9,0.004567273563922121,0.004815540335038625,1.0168504651232106
0.0005,6,10,0.0051007851029920125,0.005396684429503609,1.0168504651232106
0.0005,6,11,0.005643109963240126,0.005987621072263933,1.0168504651232106
0.0005,6,12,0.006194936317666044,0.006588515272313118,1.0168504651232106
0.0005,6,13,0.006756252835327616,0.007199534819122971,1.0168504651232106
0.0005,6,14,0.00732646367302932,0.007820850329495943,1.0168504651232106
0.0005,6,15,0.007904867517309802,0.008452635295206967,1.0168504651232106
0.0005,6,16,0.008490180633499093,0.009095066131448072,1.0168504651232106
0.0005,6,17,0.009079918795643339,0.009748322226089332,1.0168504651232106
0.0005,6,18,0.009670792411364617,0.010412585989769869,1.0168504651232106
0.0005,6,19,0.010258498854204268,0.011088042906832919,1.0168504651232106
0.0005,6,20,0.010838550983180106,0.01177488158711917,1.0168504651232106
0.0005,6,21,0.011406540801726654,0.012473293818632858,1.0168504651232106
0.0005,6,22,0.011956400961240652,0.01318347462109529,1.0168504651232106
0.0005,6,23,0.012480626410052306,0.01390562230040079,1.0168504651232106
0.0005,6,24,0.012970242085317834,0.014639938503990235,1.0168504651232106
0.0005,6,25,0.01341146100482166,0.015386628277157671,1.0168504651232106
0.0005,6,26,0.013783174456989455,0.016145900120305725,1.0168504651232106
0.0005,6,27,0.014054153266493088,0.01691796604716578,1.0168504651232106
0.0005,6,28,0.014184694076948624,0.01770304164399921,1.0168504651232106
0.0005,6,29,0.014141510419940627,0.018501346129796165,1.0168504651232106
0.0005,6,30,0.01392401584092778,0.019313102417488744,1.0168504651232106
0.0005,6,31,0.013582766999818464,0.020138537176195632,1.0168504651232106
0.0005,6,32,0.013205441451937113,0.020977880894515598,1.0168504651232106
0.0005,6,33,0.01287742808844252,0.0218313679448875,1.0168504651232106
0.0005,6,34,0.012649148402904733,0.022699236649034806,1.0168504651232106
0.0005,6,35,0.012531489072970381,0.023581729344512872,1.0168504651232106
0.0005,6,36,0.012510678431620325,0.02447909245237758,1.0168504651232106
0.0005,6,37,0.012564751304094278,0.025391576545994218,1.0168504651232106
0.0005,6,38,0.012673194557377799,0.026319436421005826,1.0168504651232106
0.0005,6,39,0.012819730321987586,0.027262931166480545,1.0168504651232106
0.0005,6,40,0.01299228976687893,0.028222324237257818,1.0168504651232106
0.0005,7,0,0.0,0.0,1.0001623473237395
0.0005,7,1,0.000500000000000001,0.0005,1.0001623473237395
0.0005,7,2,0.0009954826105010937,0.00100008117366187,1.0001623473237395
0.0005,7,3,0.0014871964964435851,0.0015002435341639362,1.0001623473237395
0.0005,7,4,0.0019757890011478352,0.002000487094686665,1.0001623473237395
0.0005,7,5,0.0024618667079975586,0.002500811868412663,1.0001623473237395
0.0005,7,6,0.0029459742751846625,0.003001217868526676,1.0001623473237395
0.0005,7,7,0.003428516755002806,0.0035017051082155905,1.0001623473237395
0.0005,7,8,0.003909883360069662,0.004002273600668434,1.0001623473237395
0.0005,7,9,0.004390424927377387,0.004502923359076375,1.0001623473237395
0.0005,7,10,0.00487045610665906,0.005003654396632726,1.0001623473237395
0.0005,7,11,0.005350237829175481,0.0055044667265329375,1.0001623473237395
0.0005,7,12,0.005829980180301702,0.006005360361974604,1.0001623473237395
0.0005,7,13,0.006309855873845769,0.006506335316157463,1.0001623473237395
0.0005,7,14,0.006789944148965451,0.007007391602283393,1.0001623473237395
0.0005,7,15,0.007270208684290803,0.007508529233556419,1.0001623473237395
0.0005,7,16,0.007750580997639234,0.008009748223182707,1.0001623473237395
0.0005,7,17,0.008230824859658127,0.00851104858437057,1.0001623473237395
0.0005,7,18,0.008710838570146904,0.00901243033033046,1.0001623473237395
0.0005,7,19,0.009190613811709311,0.009513893474274978,1.0001623473237395
0.0005,7,20,0.009670075034983629,0.01001543802941887,1.0001623473237395
0.0005,7,21,0.010148949746822603,0.010517064008979025,1.0001623473237395
0.0005,7,22,0.010627056944676253,0.011018771426174481,1.0001623473237395
0.0005,7,23,0.011104716256712176,0.011520560294226418,1.0001623473237395
0.0005,7,24,0.011581953921155432,0.012022430626358167,1.0001623473237395
0.0005,7,25,0.01205871552053424,0.0125243824357952,1.0001623473237395
0.0005,7,26,0.01253454230251386,0.013026415735765143,1.0001623473237395
0.0005,7,27,0.01300935697862345,0.013528530539497763,1.0001623473237395
0.0005,7,28,0.013483756783473027,0.01403072686022498,1.0001623473237395
0.0005,7,29,0.013958189561688141,0.01453300471118086,1.0001623473237395
0.0005,7,30,0.014432170518356283,0.015035364105601615,1.0001623473237395
0.0005,7,31,0.014905249420095416,0.015537805056725609,1.0001623473237395
0.0005,7,32,0.015377621316146225,0.016040327577793355,1.0001623473237395
0.0005,7,33,0.015849573915794207,0.016542931682047516,1.0001623473237395
0.0005,7,34,0.016320916493067817,0.017045617382732903,1.0001623473237395
0.0005,7,35,0.016791412989793142,0.01754838469309648,1.0001623473237395
0.0005,7,36,0.0172610546878136,0.018051233626387355,1.0001623473237395
0.0005,7,37,0.017730524173513937,0.018554164195856798,1.0001623473237395
0.0005,7,38,0.018200668322408606,0.01905717641475822,1.0001623473237395
0.0005,7,39,0.018672017623481314,0.019560270296347188,1.0001623473237395
0.0005,7,40,0.01914437051843482,0.020063445853881423,1.0001623473237395
0.0005,8,0,0.0,0.0,1.003905434395069
0.0005,8,1,0.0005000000000000013,0.0005,1.003905434395069
0.0005,8,2,0.0010000694518254953,0.0010019527171975344,1.003905434395069
0.0005,8,3,0.0015005388907481784,0.0015058657778015106,1.003905434395069
0.0005,8,4,0.0020017203399326665,0.002011746837804494,1.003905434395069
0.0005,8,5,0.002503839573041285,0.0025196035830990274,1.003905434395069
0.0005,8,6,0.0030068448639852087,0.0030294437295944015,1.003905434395069
0.0005,8,7,0.0035108791965004276,0.003541275023333886,1.003905434395069
0.0005,8,8,0.004016399328248959,0.0040551052406124135,1.003905434395069
0.0005,8,9,0.0045230569689177075,0.004570942188094725,1.003905434395069
0.0005,8,10,0.005030592695827461,0.005088793702933983,1.003905434395069
0.0005,8,11,0.005538751089688296,0.005608667652890833,1.003905434395069
0.0005,8,12,0.006047232898973381,0.006130571936452944,1.003905434395069
0.0005,8,13,0.006555838147240918,0.006654514482955013,1.003905434395069
0.0005,8,14,0.0070645125333314174,0.007180503252699231,1.003905434395069
0.0005,8,15,0.007572820094986326,0.007708546237076229,1.003905434395069
0.0005,8,16,0.008080300804904367,0.008238651458686486,1.003905434395069
0.0005,8,17,0.008586859369005802,0.008770826971462227,1.003905434395069
0.0005,8,18,0.00909246149599496,0.009305080860789777,1.003905434395069
0.0005,8,19,0.009597061791971239,0.009841421243632404,1.003905434395069
0.0005,8,20,0.010100757751521182,0.01037985626865365,1.003905434395069
0.0005,8,21,0.010603789014976165,0.010920394116341122,1.003905434395069
0.0005,8,22,0.011106611927413542,0.011463042999130792,1.003905434395069
0.0005,8,23,0.011608729414952687,0.012007811161531753,1.003905434395069
0.0005,8,24,0.012109817666684453,0.012554706880251494,1.003905434395069
0.0005,8,25,0.012609938408823452,0.013103738464321639,1.003905434395069
0.0005,8,26,0.013108884347843857,0.01365491425522419,1.003905434395069
0.0005,8,27,0.013606402633673104,0.014208242627018261,1.003905434395069
0.0005,8,28,0.014102636119088434,0.014763731986467306,1.003905434395069
0.0005,8,29,0.014597936117662032,0.015321390773166837,1.003905434395069
0.0005,8,30,0.015093465053679905,0.015881227459672655,1.003905434395069
0.0005,8,31,0.015588642415483784,0.01644325055162958,1.003905434395069
0.0005,8,32,0.01608257508099593,0.017007468587900653,1.003905434395069
0.0005,8,33,0.01657360886347418,0.017573890140696897,1.003905434395069
0.0005,8,34,0.017063836671361608,0.01814252381570754,1.003905434395069
0.0005,8,35,0.017553678939350014,0.018713378252230763,1.003905434395069
0.0005,8,36,0.018042640717941108,0.019286462123304964,1.003905434395069
0.0005,8,37,0.01853061722603311,0.019861784135840516,1.003905434395069
0.0005,8,38,0.0190174523456507,0.020439353030752064,1.003905434395069
0.0005,8,39,0.01950306021672906,0.021019177583091322,1.003905434395069
0.0005,8,40,0.01998746319862235,0.021601266602180393,1.003905434395069
0.0005,9,0,0.0,0.0,0.9912111932211696
0.0005,9,1,0.0005000000000000026,0.0005,0.9912111932211696
0.0005,9,2,0.000992586159807476,0.0009956055966105848,0.9912111932211696
0.0005,9,3,0.0014782096312660619,0.001486855411394052,0.9912111932211696
0.0005,9,4,0.0019572113678169483,0.0019737877264752513,0.9912111932211696
0.0005,9,5,0.0024298534093564043,0.0024564404875248333,0.9912111932211696
0.0005,9,6,0.002896348517347655,0.0029348513067162813,0.9912111932211696
0.0005,9,7,0.0033569302305536735,0.003409057465656954,0.9912111932211696
0.0005,9,8,0.003811796552634819,0.0038790959182933658,0.9912111932211696
0.0005,9,9,0.004261053969457352,0.004345003293790936,0.9912111932211696
0.0005,9,10,0.004704859228830758,0.004806815899388426,0.9912111932211696
0.0005,9,11,0.0051434252155609025,0.005264569723227291,0.9912111932211696
0.0005,9,12,0.0055769786423853955,0.0057183004371561645,0.9912111932211696
0.0005,9,13,0.006005783530190228,0.006168043399510697,0.9912111932211696
0.0005,9,14,0.006430056302215247,0.006613833657868957,0.9912111932211696
0.0005,9,15,0.006849981609741587,0.00705570595178262,0.9912111932211696
0.0005,9,16,0.007265739563852234,0.007493694715484158,0.9912111932211696
0.0005,9,17,0.00767753022147791,0.007927834080570226,0.9912111932211696
0.0005,9,18,0.00808556734700357,0.008358157878661468,0.9912111932211696
0.0005,9,19,0.008490080990328826,0.008784699644038954,0.9912111932211696
0.0005,9,20,0.008891297174579916,0.009207492616257435,0.9912111932211696
0.0005,9,21,0.009289418336704519,0.009626569742735642,0.9912111932211696
0.0005,9,22,0.009684611062273632,0.010041963681323804,0.9912111932211696
0.0005,9,23,0.010077016864217605,0.010453706802848618,0.9912111932211696
0.0005,9,24,0.010466752296832008,0.010861831193635837,0.9912111932211696
0.0005,9,25,0.010853908562248216,0.011266368658010699,0.9912111932211696
0.0005,9,26,0.011238575838505366,0.011667350720776373,0.9912111932211696
0.0005,9,27,0.01162085966682389,0.012064808629670621,0.9912111932211696
0.0005,9,28,0.012000785614229334,0.01245877335780088,0.9912111932211696
0.0005,9,29,0.012378340329102814,0.012849275606057928,0.9912111932211696
0.0005,9,30,0.012753540429652571,0.013236345805508346,0.9912111932211696
0.0005,9,31,0.013126422721389024,0.01362001411976595,0.9912111932211696
0.0005,9,32,0.013497019587457472,0.014000310447342386,0.9912111932211696
0.0005,9,33,0.013865372853404341,0.014377264423977052,0.9912111932211696
0.0005,9,34,0.014231510736209296,0.014750905424946566,0.9912111932211696
0.0005,9,35,0.01459547192188542,0.015121262567353909,0.9912111932211696
0.0005,9,36,0.014957298454979314,0.015488364712397474,0.9912111932211696
0.0005,9,37,0.015317011193728552,0.015852240467620158,0.9912111932211696
0.0005,9,38,0.015674641389989412,0.016212918189138687,0.9912111932211696
0.0005,9,39,0.016030195489152226,0.016570425983853363,0.9912111932211696
0.0005,9,40,0.01638360781698922,0.016924791711638364,0.9912111932211696
0.001,0,0,0.0,0.0,1.002335262165857
0.001,0,1,0.0009999999999999998,0.001,1.002335262165857
0.001,0,2,0.001990310054922954,0.002002335262165857,1.002335262165857
0.001,0,3,0.00297214073247232,0.003007011239946954,1.002335262165857
0.001,0,4,0.003946600410461215,0.004014033399527909,1.002335262165857
0.001,0,5,0.004914707030978249,0.005023407219858313,1.002335262165857
0.001,0,6,0.005878073492153315,0.006035138192682541,1.002335262165857
0.001,0,7,0.006837493361959313,0.007049231822569631,1.002335262165857
0.001,0,8,0.007793505610098907,0.008065693626943232,1.002335262165857
0.001,0,9,0.008746780883178516,0.009084529136111626,1.002335262165857
0.001,0,10,0.00969866213682702,0.010105743893297815,1.002335262165857
0.001,0,11,0.01065084760907209,0.011129343454669673,1.002335262165857
0.001,0,12,0.011602335689609408,0.012155333389370193,1.002335262165857
0.001,0,13,0.012553372263457353,0.013183719279547767,1.002335262165857
0.001,0,14,0.01350588426782753,0.014214506720386575,1.002335262165857
0.001,0,15,0.014460367403264349,0.015247701320137013,1.002335262165857
0.001,0,16,0.015415559557273566,0.016283308700146215,1.002335262165857
0.001,0,17,0.016373491305856695,0.017321334494888638,1.002335262165857
0.001,0,18,0.017335067651712343,0.018361784351996705,1.002335262165857
0.001,0,19,0.018299490610376234,0.01940466393229155,1.002335262165857
0.001,0,20,0.01926707875523243,0.0204499789098138,1.002335262165857
0.001,0,21,0.02023773687668422,0.021497734971854462,1.002335262165857
0.001,0,22,0.0212109793497298,0.022547937818985855,1.002335262165857
0.001,0,23,0.022186677677143277,0.02360059316509263,1.002335262165857
0.001,0,24,0.023166062278366432,0.024655706737402854,1.002335262165857
0.001,0,25,0.024148334543098348,0.02571328427651918,1.002335262165857
0.001,0,26,0.025132975048119656,0.02677333153645006,1.002335262165857
0.001,0,27,0.026120321195452597,0.027835854284641078,1.002335262165857
0.001,0,28,0.027109188179603862,0.02890085830200631,1.002335262165857
0.001,0,29,0.02809931744737692,0.02996834938295978,1.002335262165857
0.001,0,30,0.029091524836781495,0.03103833333544699,1.002335262165857
0.001,0,31,0.030085880120879618,0.032110815980976516,1.002335262165857
0.001,0,32,0.03108216106722461,0.03318580315465169,1.002335262165857
0.001,0,33,0.03207968081256093,0.034263300705202324,1.002335262165857
0.001,0,34,0.03307732032891155,0.03534331449501656,1.002335262165857
0.001,0,35,0.034073402983362935,0.03642585040017276,1.002335262165857
0.001,0,36,0.035067539642860086,0.037510914310471453,1.002335262165857
0.001,0,37,0.03605992937815489,0.038598512129467404,1.002335262165857
0.001,0,38,0.037049708165870644,0.03968864977450172,1.002335262165857
0.001,0,39,0.03803668897886545,0.04078133317673406,1.002335262165857
0.001,0,40,0.03902076829086201,0.0418765682811749,1.002335262165857
0.001,1,0,0.0,0.0,0.9954693086392729
0.001,1,1,0.0009999999999999992,0.001,0.9954693086392729
0.001,1,2,0.001993621819987576,0.0019954693086392727,0.9954693086392729
0.001,1,3,0.002981163493113732,0.0029864284530820248,0.9954693086392729
0.001,1,4,0.003962856641858105,0.003972897867490216,0.9954693086392729
0.001,1,5,0.004938885265661969,0.004954897893444927,0.9954693086392729
0.001,1,6,0.005909395997432612,0.005932448780365811,0.9954693086392729
0.001,1,7,0.00687449932059118,0.006905570685928651,0.9954693086392729
0.001,1,8,0.007834310779887351,0.007874283676481023,0.9954693086392729
0.001,1,9,0.008788960457848992,0.008838607727456076,0.9954693086392729
0.001,1,10,0.009738516977277328,0.009798562723784435,0.9954693086392729
0.001,1,11,0.01068310545341202,0.01075416846030424,0.9954693086392729
0.001,1,12,0.011622906736433793,0.011705444642169337,0.9954693086392729
0.001,1,13,0.012557981929099874,0.01265241088525559,0.9954693086392729
0.001,1,14,0.013488263453425658,0.013595086716565393,0.9954693086392729
0.001,1,15,0.014413608339696255,0.014533491574630315,0.9954693086392729
0.001,1,16,0.015333889649672526,0.015467644809911935,0.9954693086392729
0.001,1,17,0.016249024559213815,0.01639756568520087,0.9954693086392729
0.001,1,18,0.017158859711885657,0.017323273376013977,0.9954693086392729
0.001,1,19,0.01806338445028713,0.018244786970989756,0.9954693086392729
0.001,1,20,0.018962700097719602,0.019162125472281986,0.9954693086392729
0.001,1,21,0.019856783349571555,0.02007530779595155,0.9954693086392729
0.001,1,22,0.020745516768264888,0.020984352772356493,0.9954693086392729
0.001,1,23,0.021628960076399213,0.021889279146540326,0.9954693086392729
0.001,1,24,0.022507425219984917,0.02279010557861855,0.9954693086392729
0.001,1,25,0.02338106653106756,0.023686850644163444,0.9954693086392729
0.001,1,26,0.02424977617926254,0.0245795328345871,0.9954693086392729
0.001,1,27,0.0251135357353951,0.025468170557522728,0.9954693086392729
0.001,1,28,0.025972234595219967,0.026352782137204236,0.9954693086392729
0.001,1,29,0.026825385922019336,0.02723338581484408,0.9954693086392729
0.001,1,30,0.02767309407322992,0.028109999749009417,0.9954693086392729
0.001,1,31,0.02851604247930291,0.02898264201599654,0.9954693086392729
0.001,1,32,0.029354305666338096,0.02985133061020362,0.9954693086392729
0.001,1,33,0.03018759035959593,0.03071608344450176,0.9954693086392729
0.001,1,34,0.031016058133686988,0.03157691835060438,0.9954693086392729
0.001,1,35,0.03183945615782525,0.032433853079434916,0.9954693086392729
0.001,1,36,0.03265715498178493,0.03328690530149283,0.9954693086392729
0.001,1,37,0.03346913863171023,0.03413609260721801,0.9954693086392729
0.001,1,38,0.03427579775734247,0.034981432507353506,0.9954693086392729
0.001,1,39,0.0350767590040301,0.03582294243330658,0.9954693086392729
0.001,1,40,0.0358707357180207,0.036660639737508174,0.9954693086392729
0.001,2,0,0.0,0.0,0.9914966166719514
0.001,2,1,0.0009999999999999985,0.001,0.9914966166719514
0.001,2,2,0.001991268985712888,0.0019914966166719515,0.9914966166719514
0.001,2,3,0.002973490065651646,0.002974562157543878,0.9914966166719514
0.001,2,4,0.00394633593878426,0.003949268315285175,0.9914966166719514
0.001,2,5,0.004909473797649471,0.004915686172934989,0.9914966166719514
0.001,2,6,0.005862530005710442,0.005873886209086135,0.9914966166719514
0.001,2,7,0.006805153867822959,0.0068239383030249375,0.9914966166719514
0.001,2,8,0.007737052507527178,0.007765911739827363,0.9914966166719514
0.001,2,9,0.0086580184548125,0.00869987521541182,0.9914966166719514
0.001,2,10,0.009567872979461389,0.009625896841548985,0.9914966166719514
0.001,2,11,0.010466442839562905,0.010544044150829043,0.9914966166719514
0.001,2,12,0.011353613371424187,0.011454384101586675,0.9914966166719514
0.001,2,13,0.012229280919191045,0.012356983082784177,0.9914966166719514
0.001,2,14,0.01309331356586411,0.013251906918853053,0.9914966166719514
0.001,2,15,0.013945610296935116,0.014139220874494426,0.9914966166719514
0.001,2,16,0.014786232528710268,0.015018989659438653,0.9914966166719514
0.001,2,17,0.015615376651813498,0.015891277433164448,0.9914966166719514
0.001,2,18,0.01643328890259864,0.016756147809577883,0.9914966166719514
0.001,2,19,0.017240055520540334,0.017613663861651602,0.9914966166719514
0.001,2,20,0.018035799699750096,0.018463888126024584,0.9914966166719514
0.001,2,21,0.01882096687926404,0.019306882607562793,0.9914966166719514
0.001,2,22,0.019596053964888435,0.020142708783881053,0.9914966166719514
0.001,2,23,0.020361308254851482,0.02097142760982646,0.9914966166719514
0.001,2,24,0.02111689087951814,0.021793099521923685,0.9914966166719514
0.001,2,25,0.021863288961785684,0.022607784442782455,0.9914966166719514
0.001,2,26,0.022601021139693263,0.023415541785467585,0.9914966166719514
0.001,2,27,0.023330098329292535,0.024216430457831815,0.9914966166719514
0.001,2,28,0.024050839006832678,0.025010508866811842,0.9914966166719514
0.001,2,29,0.024763776649883662,0.025797834922687782,0.9914966166719514
0.001,2,30,0.02546905065833891,0.02657846604330645,0.9914966166719514
0.001,2,31,0.02616664220559591,0.027352459158268696,0.9914966166719514
0.001,2,32,0.02685644753976314,0.028119870713081144,0.9914966166719514
0.001,2,33,0.02753851297818954,0.02888075667327265,0.9914966166719514
0.001,2,34,0.028213070063003744,0.029635172528475716,0.9914966166719514
0.001,2,35,0.028880391456923577,0.030383173296473234,0.9914966166719514
0.001,2,36,0.029540739907078062,0.031124813527210794,0.9914966166719514
0.001,2,37,0.03019496124888681,0.03186014730677489,0.9914966166719514
0.001,2,38,0.03084416621884867,0.03258922826133729,0.9914966166719514
0.001,2,39,0.031488947548412256,0.03331210956106587,0.9914966166719514
0.001,2,40,0.032129541895566445,0.034028843924002176,0.9914966166719514
0.001,3,0,0.0,0.0,0.9962330249343889
0.001,3,1,0.0009999999999999992,0.001,0.9962330249343889
0.001,3,2,0.0019906417713245425,0.001996233024934389,0.9962330249343889
0.001,3,3,0.0029728997125584764,0.0029887132649043116,0.9962330249343889
0.001,3,4,0.003947630974080133,0.003977454856557156,0.9962330249343889
0.001,3,5,0.00491532264929301,0.004962471883287911,0.9962330249343889
0.001,3,6,0.00587644981827374,0.00594377837543977,0.9962330249343889
0.001,3,7,0.006831265613136152,0.00692138831050397,0.9962330249343889
0.001,3,8,0.007780074602275667,0.007895315613318889,0.9962330249343889
0.001,3,9,0.008723324777143228,0.008865574156268388,0.9962330249343889
0.001,3,10,0.009661435418156094,0.0098321777594794,0.9962330249343889
0.001,3,11,0.010594768611312715,0.010795140191018786,0.9962330249343889
0.001,3,12,0.011523707375358329,0.011754475167089443,0.9962330249343889
0.001,3,13,0.012448684770878377,0.012710196352225672,0.9962330249343889
0.001,3,14,0.013369807479549212,0.013662317359487818,0.9962330249343889
0.001,3,15,0.014287153702729543,0.014610851750656163,0.9962330249343889
0.001,3,16,0.015200823993419621,0.015555813036424102,0.9962330249343889
0.001,3,17,0.016111183241865456,0.016497214676590585,0.9962330249343889
0.001,3,18,0.01701857832709126,0.017435070080251837,0.9962330249343889
0.001,3,19,0.017923923015032945,0.01836939260599235,0.9962330249343889
0.001,3,20,0.018829028932747717,0.019300195562075156,0.9962330249343889
0.001,3,21,0.019732494681512197,0.020227492206631403,0.9962330249343889
0.001,3,22,0.020632238737259747,0.02115129574784918,0.9962330249343889
0.001,3,23,0.02152808184653222,0.022071619344161665,0.9962330249343889
0.001,3,24,0.022420000506771138,0.02298847610443455,0.9962330249343889
0.001,3,25,0.02330817618903377,0.02390187908815275,0.9962330249343889
0.001,3,26,0.02419251091468585,0.02481184130560643,0.9962330249343889
0.001,3,27,0.025072818977896844,0.025718375718076312,0.9962330249343889
0.001,3,28,0.025949628097922117,0.0266214952380183,0.9962330249343889
0.001,3,29,0.026823314693370893,0.027521212729247402,0.9962330249343889
0.001,3,30,0.027693928620930248,0.02841754100712095,0.9962330249343889
0.001,3,31,0.028561595411914855,0.029310492838721145,0.9962330249343889
0.001,3,32,0.029426028595523596,0.03020008094303691,0.9962330249343889
0.001,3,33,0.030287352819182066,0.031086317991145054,0.9962330249343889
0.001,3,34,0.031146610852590927,0.03196921660639075,0.9962330249343889
0.001,3,35,0.03200481334655139,0.03284878936456736,0.9962330249343889
0.001,3,36,0.03286205421332514,0.033725048794095526,0.9962330249343889
0.001,3,37,0.03371730288739482,0.03459800737620165,0.9962330249343889
0.001,3,38,0.034569150362104374,0.03546767754509567,0.9962330249343889
0.001,3,39,0.03541718434699601,0.036334071688148166,0.9962330249343889
0.001,3,40,0.0362618037321688,0.03719720214606679,0.9962330249343889
0.001,4,0,0.0,0.0,1.0068065820494372
0.001,4,1,0.0010000000000000033,0.001,1.0068065820494372
0.001,4,2,0.0019980502611867093,0.002006806582049437,1.0068065820494372
0.001,4,3,0.0029949075504510244,0.0030204660757075074,1.0068065820494372
0.001,4,4,0.003991218527718406,0.004041025125879352,1.0068065820494372
0.001,4,5,0.004987401291062128,0.005068530694962488,1.0068065820494372
0.001,4,6,0.005984459995540798,0.006103030065007841,1.0068065820494372
0.001,4,7,0.00698297032825038,0.007144570839895499,1.0068065820494372
0.001,4,8,0.007983313956919308,0.008193200947525264,1.0068065820494372
0.001,4,9,0.008986020108034893,0.009248968642022123,1.0068065820494372
0.001,4,10,0.009991493610301626,0.010311922505956719,1.0068065820494372
0.001,4,11,0.010999962242589435,0.011382111452580952,1.0068065820494372
0.001,4,12,0.012011503236761582,0.012459584728078784,1.0068065820494372
0.001,4,13,0.013030318420354887,0.013544391913832367,1.0068065820494372
0.001,4,14,0.014056629762662967,0.014636582928703599,1.0068065820494372
0.001,4,15,0.015086968543477816,0.01573620803133121,1.0068065820494372
0.001,4,16,0.016120308215522152,0.016843317822443478,1.0068065820494372
0.001,4,17,0.017156275113488186,0.017957963247186688,1.0068065820494372
0.001,4,18,0.01820036105152981,0.019080195597469443,1.0068065820494372
0.001,4,19,0.019253727180861956,0.02021006651432293,1.0068065820494372
0.001,4,20,0.020309038632081278,0.021347627990277254,1.0068065820494372
0.001,4,21,0.02136227478698352,0.022492932371753937,1.0068065820494372
0.001,4,22,0.022414039983023104,0.023646032361474723,1.0068065820494372
0.001,4,23,0.023468705821464927,0.02480698102088675,1.0068065820494372
0.001,4,24,0.02452479361602486,0.025975831772604246,1.0068065820494372
0.001,4,25,0.025581879121919532,0.027152638402866854,1.0068065820494372
0.001,4,26,0.026636909292533435,0.028337455064014666,1.0068065820494372
0.001,4,27,0.027688004014246856,0.029530336276980124,1.0068065820494372
0.001,4,28,0.028746907315015703,0.03073133693379686,1.0068065820494372
0.001,4,29,0.02981802616826575,0.03194051230012565,1.0068065820494372
0.001,4,30,0.03089945232963967,0.033157918017797515,1.0068065820494372
0.001,4,31,0.03198924241548023,0.03438361010737417,1.0068065820494372
0.001,4,32,0.03308726166407946,0.035617644970725865,1.0068065820494372
0.001,4,33,0.0341919634288815,0.036860079393626836,1.0068065820494372
0.001,4,34,0.035301698473041654,0.038110970548368324,1.0068065820494372
0.001,4,35,0.03641662748520059,0.03937037599638948,1.0068065820494372
0.001,4,36,0.03753143528320262,0.040638353690926096,1.0068065820494372
0.001,4,37,0.03864437245024018,0.04191496197967744,1.0068065820494372
0.001,4,38,0.03975655034155612,0.04320025960749115,1.0068065820494372
0.001,4,39,0.04087086167364569,0.044494305719066526,1.0068065820494372
0.001,4,40,0.041984494587507526,0.045797159861676096,1.0068065820494372
0.001,5,0,0.0,0.0,1.0265388909664361
0.001,5,1,0.0010000000000000072,0.001,1.0265388909664361
0.001,5,2,0.0020039831593769092,0.002026538890966436,1.0265388909664361
0.001,5,3,0.003014638029851605,0.0030803209856330367,1.0265388909664361
0.001,5,4,0.004037405119591329,0.0041620692884123765,1.0265388909664361
0.001,5,5,0.005074792292728114,0.005272525991452305,1.0265388909664361
0.001,5,6,0.006129662267454457,0.006412452983857158,1.0265388909664361
0.001,5,7,0.007208059681917903,0.0075826323744231415,1.0265388909664361
0.001,5,8,0.008319666684663812,0.008783867028246526,1.0265388909664361
0.001,5,9,0.009453298226896901,0.010016981117572835,1.0265388909664361
0.001,5,10,0.010614652034866286,0.011282820687264949,1.0265388909664361
0.001,5,11,0.0118121752864779,0.012582254235278124,1.0265388909664361
0.001,5,12,0.013011916023152529,0.013916173308540149,1.0265388909664361
0.001,5,13,0.014253431690002977,0.015285493114645523,1.0265388909664361
0.001,5,14,0.015478082488813672,0.01669115314978331,1.0265388909664361
0.001,5,15,0.01673078307035161,0.018134117843329498,1.0265388909664361
0.001,5,16,0.017951773572086223,0.019615377219546124,1.0265388909664361
0.001,5,17,0.019183257759485484,0.021135947576841174,1.0265388909664361
0.001,5,18,0.02037831189065566,0.022696872185055273,1.0265388909664361
0.001,5,19,0.021571736308144754,0.024299222001253593,1.0265388909664361
0.001,5,20,0.022732439487444453,0.02594409640451409,1.0265388909664361
0.001,5,21,0.023870716441675235,0.027632623950216196,1.0265388909664361
0.001,5,22,0.024981629661577888,0.029365963144347515,1.0265388909664361
0.001,5,23,0.026051880858180283,0.031145303238359737,1.0265388909664361
0.001,5,24,0.027083043238214335,0.032971865045119154,1.0265388909664361
0.001,5,25,0.028068769050285127,0.03484690177651162,1.0265388909664361
0.001,5,26,0.029004301319926998,0.03677169990327657,1.0265388909664361
0.001,5,27,0.029880295590163843,0.038747580037660136,1.0265388909664361
0.001,5,28,0.030677824054358673,0.040775897839492856,1.0265388909664361
0.001,5,29,0.03136199955913996,0.0428580449463137,1.0265388909664361
0.001,5,30,0.03187776109435176,0.04499544992817854,1.0265388909664361
0.001,5,31,0.03215313740385787,0.04718957926780821,1.0265388909664361
0.001,5,32,0.03212477383172177,0.04944193836674857,1.0265388909664361
0.001,5,33,0.031775242719961676,0.05175407257823297,1.0265388909664361
0.001,5,34,0.031162485836187585,0.05412756826745571,1.0265388909664361
0.001,5,35,0.030413416517989986,0.05656405389998405,1.0265388909664361
0.001,5,36,0.02967477283387616,0.05906520115905534,1.0265388909664361
0.001,5,37,0.029061775493502855,0.06163272609252613,1.0265388909664361
0.001,5,38,0.028632378161499113,0.06426839029025991,1.0265388909664361
0.001,5,39,0.028394015634789223,0.06697400209276148,1.0265388909664361
0.001,5,40,0.02832447458995857,0.06975141783188715,1.0265388909664361
0.001,6,0,0.0,0.0,1.0167906533655346
0.001,6,1,0.001000000000000009,0.001,1.0167906533655346
0.001,6,2,0.0019982403732638123,0.0020167906533655345,1.0167906533655346
0.001,6,3,0.0029971846477920235,0.003050653886137045,1.0167906533655346
0.001,6,4,0.003999206930479288,0.004101876358077393,1.0167906533655346
0.001,6,5,0.005006606566327528,0.005170749542154153,1.0167906533655346
0.001,6,6,0.006021646260687825,0.0062575698053564605,1.0167906533655346
0.001,6,7,0.007046473982751908,0.007362638490868837,1.0167906533655346
0.001,6,8,0.008083188952306574,0.008486262001624759,1.0167906533655346
0.001,6,9,0.00913401765011681,0.009628751885263149,1.0167906533655346
0.001,6,10,0.010200772384980326,0.01079042492051134,1.0167906533655346
0.001,6,11,0.011285055279701096,0.011971603205018472,1.0167906533655346
0.001,6,12,0.012388218222814221,0.01317261424466366,1.0167906533655346
0.001,6,13,0.013510208342611487,0.01439379104436371,1.0167906533655346
0.001,6,14,0.014649800122125392,0.015635472200405558,1.0167906533655346
0.001,6,15,0.01580555583436452,0.01689800199432902,1.0167906533655346
0.001,6,16,0.016974868221250904,0.018181730488385915,1.0167906533655346
0.001,6,17,0.018152720979874578,0.019487013622601978,1.0167906533655346
0.001,6,18,0.01933247067219134,0.02081421331346854,1.0167906533655346
0.001,6,19,0.02050544520279554,0.02216369755429129,1.0167906533655346
0.001,6,20,0.021662561818018122,0.023535840517223943,1.0167906533655346
0.001,6,21,0.022794819923030004,0.024931022657015158,1.0167906533655346
0.001,6,22,0.023889783934532335,0.02634963081649739,1.0167906533655346
0.001,6,23,0.024931883061953014,0.027792058333847007,1.0167906533655346
0.001,6,24,0.0259020554892128,0.029258705151645352,1.0167906533655346
0.001,6,25,0.026770616796863246,0.030749977927771014,1.0167906533655346
0.001,6,26,0.0274917485970885,0.03226629014815406,1.0167906533655346
0.001,6,27,0.027998341130290438,0.033808062241423485,1.0167906533655346
0.001,6,28,0.02820836253378104,0.035375721695479645,1.0167906533655346
0.001,6,29,0.028060348684137298,0.03696970317602407,1.0167906533655346
0.001,6,30,0.027568800689769912,0.038590448647079396,1.0167906533655346
0.001,6,31,0.026854019633172247,0.040238407493532975,1.0167906533655346
0.001,6,32,0.026100854074415425,0.04191403664573802,1.0167906533655346
0.001,6,33,0.02547390477652763,0.043617800706206925,1.0167906533655346
0.001,6,34,0.025059282578400767,0.04535017207843182,1.0167906533655346
0.001,6,35,0.02486591056981127,0.04711163109786812,1.0167906533655346
0.001,6,36,0.02485961383411029,0.04890266616511736,1.0167906533655346
0.001,6,37,0.024994837922139992,0.05072377388134631,1.0167906533655346
0.001,6,38,0.025231364391773765,0.05257545918597976,1.0167906533655346
0.001,6,39,0.025538160603377564,0.05445823549670536,1.0167906533655346
0.001,6,40,0.02589255793288612,0.056372624851829194,1.0167906533655346
0.001,7,0,0.0,0.0,1.0002095145284218
0.001,7,1,0.0009999999999999994,0.001,1.0002095145284218
0.001,7,2,0.0019909669096625886,0.002000209514528422,1.0002095145284218
0.001,7,3,0.002974401167430252,0.003000628587481603,1.0002095145284218
0.001,7,4,0.003951624685765784,0.004001257262765078,1.0002095145284218
0.001,7,5,0.004923871394004177,0.00500209558429358,1.0002095145284218
0.001,7,6,0.005892137503681766,0.0060031435959910446,1.0002095145284218
0.001,7,7,0.006857268798160695,0.007004401341790607,1.0002095145284218
0.001,7,8,0.007820063788093629,0.008005868865634608,1.0002095145284218
0.001,7,9,0.00878122616995425,0.0090075462114746,1.0002095145284218
0.001,7,10,0.009741386967794172,0.010009433423271333,1.0002095145284218
0.001,7,11,0.010701070377506252,0.011011530544994777,1.0002095145284218
0.001,7,12,0.01166069867197071,0.012013837620624114,1.0002095145284218
0.001,7,13,0.012620627632115829,0.013016354694147733,1.0002095145284218
0.001,7,14,0.013581022950756765,0.014019081809563249,1.0002095145284218
0.001,7,15,0.014541911119566204,0.015022019010877487,1.0002095145284218
0.001,7,16,0.015503046657469008,0.016025166342106493,1.0002095145284218
0.001,7,17,0.01646398834985074,0.01702852384727554,1.0002095145284218
0.001,7,18,0.01742458207081241,0.018032091570419122,1.0002095145284218
0.001,7,19,0.018384797812066943,0.019035869555580957,1.0002095145284218
0.001,7,20,0.01934462170968832,0.020039857846813995,1.0002095145284218
0.001,7,21,0.020303815442756248,0.02104405648818041,1.0002095145284218
0.001,7,22,0.021261722162069962,0.022048465523751615,1.0002095145284218
0.001,7,23,0.022218047799962608,0.023053084997608247,1.0002095145284218
0.001,7,24,0.02317297258929698,0.02405791495384019,1.0002095145284218
0.001,7,25,0.024126616359166072,0.025062955436546557,1.0002095145284218
0.001,7,26,0.02507848032823318,0.026068206489835703,1.0002095145284218
0.001,7,27,0.026029589104209983,0.027073668157825224,1.0002095145284218
0.001,7,28,0.026980683796152823,0.02807934048464196,1.0002095145284218
0.001,7,29,0.02793209542986729,0.029085223514421995,1.0002095145284218
0.001,7,30,0.028883020002998933,0.030091317291310662,1.0002095145284218
0.001,7,31,0.029832782708932973,0.03109762185946254,1.0002095145284218
0.001,7,32,0.030781444871858167,0.03210413726304146,1.0002095145284218
0.001,7,33,0.03172901264547255,0.03311086354622052,1.0002095145284218
0.001,7,34,0.03267557285765236,0.03411780075318204,1.0002095145284218
0.001,7,35,0.03362127685133448,0.035124948928117634,1.0002095145284218
0.001,7,36,0.03456583352080406,0.03613230811522815,1.0002095145284218
0.001,7,37,0.035510044322999756,0.037139878358723705,1.0002095145284218
0.001,7,38,0.03645520437568153,0.038147659702823675,1.0002095145284218
0.001,7,39,0.03740196850168244,0.03915565219175671,1.0002095145284218
0.001,7,40,0.03834998316462006,0.04016385586976071,1.0002095145284218
0.001,8,0,0.0,0.0,1.003886948338888
0.001,8,1,0.000999999999999998,0.001,1.003886948338888
0.001,8,2,0.0020001393401378144,0.002003886948338888,1.003886948338888
0.001,8,3,0.0030010804240796427,0.0030116759533840532,1.003886948338888
0.001,8,4,0.004003447293573536,0.004023382182228329,1.003886948338888
0.001,8,5,0.0050075397270952365,0.0050390208609182524,1.003886948338888
0.001,8,6,0.006013348049436618,0.00605860727468322,1.003886948338888
0.001,8,7,0.007021214903318395,0.007082156768165524,1.003886948338888
0.001,8,8,0.00803161423804722,0.00810968474565129,1.003886948338888
0.001,8,9,0.009044213824636,0.009141206671302304,1.003886948338888
0.001,8,10,0.010058844092706791,0.010176738069388753,1.003886948338888
0.001,8,11,0.011075039603105779,0.01121629452452286,1.003886948338888
0.001,8,12,0.012092185970499972,0.012259891681893433,1.003886948338888
0.001,8,13,0.013109744371609076,0.013307545247501315,1.003886948338888
0.001,8,14,0.014127373717364554,0.014359270988395765,1.003886948338888
0.001,8,15,0.015144470814219437,0.015415084732911751,1.003886948338888
0.001,8,16,0.016160118704087477,0.016475002370908157,1.003886948338888
0.001,8,17,0.01717394185209094,0.017539039854006934,1.003886948338888
0.001,8,18,0.018185828868343867,0.018607213195833156,1.003886948338888
0.001,8,19,0.019195609072775982,0.019679538472256033,1.003886948338888
0.001,8,20,0.020203389181021644,0.02075603182163085,1.003886948338888
0.001,8,21,0.02120957198612133,0.021836709445041846,1.003886948338888
0.001,8,22,0.022214791785910036,0.022921587606546032,1.003886948338888
0.001,8,23,0.02321859379518161,0.024010682633417973,1.003886948338888
0.001,8,24,0.024220583935570743,0.025104010916395504,1.003886948338888
0.001,8,25,0.02522073813225447,0.026201588909926413,1.003886948338888
0.001,8,26,0.026218806729802816,0.027303433132416077,1.003886948338888
0.001,8,27,0.02721576089878752,0.02840956016647606,1.003886948338888
0.001,8,28,0.028211420447944686,0.02951998665917368,1.003886948338888
0.001,8,29,0.029205320795892022,0.030634729322282547,1.003886948338888
0.001,8,30,0.030196907102817607,0.031753804932534074,1.003886948338888
0.001,8,31,0.03118614333186836,0.03287723033186996,1.003886948338888
0.001,8,32,0.03217477016873978,0.03400502242769566,1.003886948338888
0.001,8,33,0.033160920450080004,0.035137198193134836,1.003886948338888
0.001,8,34,0.034143813174521066,0.03627377466728482,1.003886948338888
0.001,8,35,0.03512479898719063,0.037414768955473014,1.003886948338888
0.001,8,36,0.03610437434082438,0.03856019822951436,1.003886948338888
0.001,8,37,0.03708229985212097,0.03971007972796976,1.003886948338888
0.001,8,38,0.03805813983023849,0.0408644307564055,1.003886948338888
0.001,8,39,0.039031551542292806,0.042023268687653714,1.003886948338888
0.001,8,40,0.04000249426833359,0.04318661096207383,1.003886948338888
0.001,9,0,0.0,0.0,0.9911804128893318
0.001,9,1,0.0009999999999999974,0.001,0.9911804128893318
0.001,9,2,0.001985172672968643,0.0019911804128893316,0.9911804128893318
0.001,9,3,0.002956420851250307,0.0029736190237847977,0.9911804128893318
0.001,9,4,0.003914426805450466,0.003947392931770587,0.9911804128893318
0.001,9,5,0.00485971497758451,0.0049125785559488,0.9911804128893318
0.001,9,6,0.005792711387760209,0.0058692516414366085,0.9911804128893318
0.001,9,7,0.006713833409281406,0.006817487265310526,0.9911804128893318
0.001,9,8,0.007623447078308656,0.007757359842498248,0.9911804128893318
0.001,9,9,0.008521854825073475,0.008688943131618537,0.9911804128893318
0.001,9,10,0.009409407270805518,0.009612310240769584,0.9911804128893318
0.001,9,11,0.01028651972242788,0.010527533633266348,0.9911804128893318
0.001,9,12,0.011153637362452543,0.011434685133327266,0.9911804128893318
0.001,9,13,0.012011279177402443,0.012333835931710824,0.9911804128893318
0.001,9,14,0.012859866321436347,0.013225056591302412,0.9911804128893318
0.001,9,15,0.013699763956211265,0.014108417052651905,0.9911804128893318
0.001,9,16,0.014531326367178802,0.014983986639462404,0.9911804128893318
0.001,9,17,0.015354950388948617,0.015851834064030578,0.9911804128893318
0.001,9,18,0.016171061294097042,0.016712027432639005,0.9911804128893318
0.001,9,19,0.016980115493720634,0.01756463425090097,0.9911804128893318
0.001,9,20,0.017782542682756603,0.018409721429058123,0.9911804128893318
0.001,9,21,0.018578737773392143,0.01924735528723141,0.9911804128893318
0.001,9,22,0.019369034781792686,0.020077601560625692,0.9911804128893318
0.001,9,23,0.02015371919577283,0.020900525404688466,0.9911804128893318
0.001,9,24,0.02093302631058925,0.021716191400223083,0.9911804128893318
0.001,9,25,0.021707142772947063,0.02252466355845687,0.9911804128893318
0.001,9,26,0.022476246422877245,0.023326005326064568,0.9911804128893318
0.001,9,27,0.023240543377398077,0.024120279590147432,0.9911804128893318
0.001,9,28,0.024000097408016393,0.024907548683168454,0.9911804128893318
0.001,9,29,0.024754895627305522,0.02568787438784404,0.9911804128893318
0.001,9,30,0.025504966510801825,0.026461317941992548,0.9911804128893318
0.001,9,31,0.026250372952667612,0.027227940043340056,0.9911804128893318
0.001,9,32,0.026991164871820482,0.02798780085428377,0.9911804128893318
0.001,9,33,0.027727410019331603,0.02874096000661338,0.9911804128893318
0.001,9,34,0.028459153068383855,0.029487476606190822,0.9911804128893318
0.001,9,35,0.029186451723825484,0.03022740923758873,0.9911804128893318
0.001,9,36,0.029909393621013185,0.030960815968688,0.9911804128893318
0.001,9,37,0.030628022535709527,0.03168775435523479,0.9911804128893318
0.001,9,38,0.03134241079235377,0.032408281445357345,0.9911804128893318
0.001,9,39,0.0320525969611236,0.033122453784042966,0.9911804128893318
0.001,9,40,0.03275841652966526,0.033830327417575516,0.9911804128893318
0.002,0,0,0.0,0.0,1.001968754314537
0.002,0,1,0.0019999999999999983,0.002,1.001968754314537
0.002,0,2,0.00398062779619127,0.004003937508629074,1.001968754314537
0.002,0,3,0.00594431884073867,0.0060118202778743236,1.001968754314537
0.002,0,4,0.007893303635286095,0.00802365607498461,1.001968754314537
0.002,0,5,0.009829632367288132,0.010039452682500597,1.001968754314537
0.002,0,6,0.011756040773274891,0.01205921789828486,1.001968754314537
0.002,0,7,0.013674990443898498,0.014082959535552051,1.001968754314537
0.002,0,8,0.015587351396777348,0.016110685422899118,1.001968754314537
0.002,0,9,0.017494375730118333,0.0181424034043356,1.001968754314537
0.002,0,10,0.019397971727084726,0.02017812133931396,1.001968754314537
0.002,0,11,0.021300804437304005,0.022217847102759987,1.001968754314537
0.002,0,12,0.02320394788738131,0.024261588585103272,1.001968754314537
0.002,0,13,0.02510686573538731,0.02630935369230772,1.001968754314537
0.002,0,14,0.027010774572813152,0.028361150345902128,1.001968754314537
0.002,0,15,0.028917007191813098,0.030416986483010854,1.001968754314537
0.002,0,16,0.030826684301526068,0.03247687005638449,1.001968754314537
0.002,0,17,0.03274173497952513,0.03454080903443066,1.001968754314537
0.002,0,18,0.03466166804241948,0.03660881140124479,1.001968754314537
0.002,0,19,0.036587309548984454,0.038680885156641066,1.001968754314537
0.002,0,20,0.03851922581604612,0.04075703831618332,1.001968754314537
0.002,0,21,0.040456313584771225,0.04283727891121605,1.001968754314537
0.002,0,22,0.042397227536740315,0.04492161498889554,1.001968754314537
0.002,0,23,0.04434209107052997,0.0470100546122209,1.001968754314537
0.002,0,24,0.046292188238929444,0.04910260586006533,1.001968754314537
0.002,0,25,0.04824658839396878,0.051199276827207346,1.001968754314537
0.002,0,26,0.050204114888962766,0.053300075624362085,1.001968754314537
0.002,0,27,0.05216412692003584,0.0554050103782127,1.001968754314537
0.002,0,28,0.054125533613453305,0.05751408923144178,1.001968754314537
0.002,0,29,0.05608822490767441,0.05962732034276285,1.001968754314537
0.002,0,30,0.05805401003188588,0.06174471188695195,1.001968754314537
0.002,0,31,0.060023211209444656,0.06386627205487923,1.001968754314537
0.002,0,32,0.061995000691174335,0.06599200905354066,1.001968754314537
0.002,0,33,0.06396873742799533,0.06812193110608979,1.001968754314537
0.002,0,34,0.06594249157885841,0.0702560464518695,1.001968754314537
0.002,0,35,0.06791337764527176,0.07239436334644393,1.001968754314537
0.002,0,36,0.06988065616203876,0.0745368900616304,1.001968754314537
0.002,0,37,0.0718446403029213,0.07668363488553141,1.001968754314537
0.002,0,38,0.07380365669455527,0.07883460612256668,1.001968754314537
0.002,0,39,0.07575742614848603,0.08098981209350531,1.001968754314537
0.002,0,40,0.07770580935615236,0.08314926113549795,1.001968754314537
0.002,1,0,0.0,0.0,0.995396264758025
0.002,1,1,0.0019999999999999974,0.002,0.995396264758025
0.002,1,2,0.003987236155100531,0.00399079252951605,0.995396264758025
0.002,1,3,0.005962290065660584,0.005972419977304506,0.995396264758025
0.002,1,4,0.00792561072287136,0.007944924536975113,0.995396264758025
0.002,1,5,0.009877551519330393,0.009908348207889408,0.995396264758025
0.002,1,6,0.011818390274497211,0.011862732796054988,0.995396264758025
0.002,1,7,0.013748344937672928,0.013808119915015658,0.995396264758025
0.002,1,8,0.015667631156676697,0.015744550986737483,0.995396264758025
0.002,1,9,0.017576449309814737,0.01767206724249077,0.995396264758025
0.002,1,10,0.019474927900097368,0.019590709723727964,0.995396264758025
0.002,1,11,0.021363298364732556,0.021500519282957535,0.995396264758025
0.002,1,12,0.023241897356323916,0.023401536584613823,0.995396264758025
0.002,1,13,0.025110818129306253,0.025293802105922872,0.995396264758025
0.002,1,14,0.026969890180661864,0.027177356137764293,0.995396264758025
0.002,1,15,0.028818785623789617,0.029052238785529164,0.995396264758025
0.002,1,16,0.03065720418859253,0.03091848996997395,0.995396264758025
0.002,1,17,0.032484931312405325,0.03277614942807053,0.995396264758025
0.002,1,18,0.034301604572898284,0.03462525671385228,0.995396264758025
0.002,1,19,0.03610714826657622,0.03646585119925629,0.995396264758025
0.002,1,20,0.037901714110296345,0.03829797207496166,0.995396264758025
0.002,1,21,0.0396851987603972,0.040121658351223985,0.995396264758025
0.002,1,22,0.04145730462734639,0.041936948858705976,0.995396264758025
0.002,1,23,0.04321809425105492,0.04374388224930425,0.995396264758025
0.002,1,24,0.04496814822331657,0.045542496996972326,0.995396264758025
0.002,1,25,0.04670772848714951,0.047332831398539825,0.995396264758025
0.002,1,26,0.04843656013383267,0.04911492357452791,0.995396264758025
0.002,1,27,0.0501545488518475,0.05088881146996095,0.995396264758025
0.002,1,28,0.051861409892095256,0.05265453285517447,0.995396264758025
0.002,1,29,0.053556083814660815,0.054412125326619376,0.995396264758025
0.002,1,30,0.05523871737295942,0.05616162630766246,0.995396264758025
0.002,1,31,0.056910645257773826,0.05790307304938325,0.995396264758025
0.002,1,32,0.05857195577194872,0.059636502631367154,0.995396264758025
0.002,1,33,0.06022197788619688,0.061361951962495,0.995396264758025
0.002,1,34,0.06186096241647309,0.06307945778172888,0.995396264758025
0.002,1,35,0.06348830515553944,0.06478905665889446,0.995396264758025
0.002,1,36,0.06510262144433096,0.0664907849954596,0.995396264758025
0.002,1,37,0.06670376687293442,0.06818467902530942,0.995396264758025
0.002,1,38,0.0682924109890319,0.06987077481551784,0.995396264758025
0.002,1,39,0.06986765468833306,0.07154910826711555,0.995396264758025
0.002,1,40,0.07142673138869411,0.07321971511585434,0.995396264758025
0.002,2,0,0.0,0.0,0.9914969642384986
0.002,2,1,0.0019999999999999987,0.002,0.9914969642384986
0.002,2,2,0.003982538218184168,0.003982993928476997,0.9914969642384986
0.002,2,3,0.005946980849251682,0.005949126388665315,0.9914969642384986
0.002,2,4,0.007892672337696105,0.007898540754232804,0.9914969642384986
0.002,2,5,0.009818944895089455,0.009831379179735887,0.9914969642384986
0.002,2,6,0.011725047267560684,0.011747782610985713,0.9914969642384986
0.002,2,7,0.013610272223959278,0.013647890795326158,0.9914969642384986
0.002,2,8,0.015474027033611289,0.015531842291824435,0.9914969642384986
0.002,2,9,0.017315890170349103,0.01739977448137505,0.9914969642384986
0.002,2,10,0.01913549013748842,0.019251823576717862,0.9914969642384986
0.002,2,11,0.020932465121945465,0.021088124632370912,0.9914969642384986
0.002,2,12,0.022706568361739937,0.022908811554478867,0.9914969642384986
0.002,2,13,0.02445757464300188,0.024714017110577635,0.9914969642384986
0.002,2,14,0.026185203108756067,0.026503872939276037,0.9914969642384986
0.002,2,15,0.027889244648488545,0.028278509559855086,0.9914969642384986
0.002,2,16,0.029569804887525534,0.03003805638178568,0.9914969642384986
0.002,2,17,0.031227266669201486,0.03178264171416536,0.9914969642384986
0.002,2,18,0.032862118821427685,0.033512392775074826,0.9914969642384986
0.002,2,19,0.03447452738855697,0.03522743570085489,0.9914969642384986
0.002,2,20,0.0360647347325619,0.036927895555304534,0.9914969642384986
0.002,2,21,0.03763364519943125,0.038613896338800795,0.9914969642384986
0.002,2,22,0.03918227583288172,0.04028556099734107,0.9914969642384986
0.002,2,23,0.040711150646747574,0.04194301143150853,0.9914969642384986
0.002,2,24,0.042220596795694,0.04358636850536136,0.9914969642384986
0.002,2,25,0.043711609565472424,0.0452157520552463,0.9914969642384986
0.002,2,26,0.04518525679213639,0.046831280898537365,0.9914969642384986
0.002,2,27,0.046641568155837025,0.04843307284230019,0.9914969642384986
0.002,2,28,0.048081215893776556,0.05002124469188271,0.9914969642384986
0.002,2,29,0.04950530560875283,0.05159591225943282,0.9914969642384986
0.002,2,30,0.050914128914517146,0.05315719037234358,0.9914969642384986
0.002,2,31,0.05230764537433554,0.05470519288162661,0.9914969642384986
0.002,2,32,0.05368563862602416,0.05624003267021431,0.9914969642384986
0.002,2,33,0.055048191517721584,0.057761821661191474,0.9914969642384986
0.002,2,34,0.05639576656403865,0.059270670825956905,0.9914969642384986
0.002,2,35,0.05772890961769235,0.06076669019231562,0.9914969642384986
0.002,2,36,0.05904814685681907,0.06224998885250229,0.9914969642384986
0.002,2,37,0.06035520724470205,0.0637206749711364,0.9914969642384986
0.002,2,38,0.06165238272890277,0.06517885579310982,0.9914969642384986
0.002,2,39,0.06294091027093321,0.06662463765140728,0.9914969642384986
0.002,2,40,0.06422130039374105,0.06805812597486029,0.9914969642384986
0.002,3,0,0.0,0.0,0.9961218241174389
0.002,3,1,0.002,0.002,0.9961218241174389
0.002,3,2,0.003981280366420928,0.0039922436482348785,0.9961218241174389
0.002,3,3,0.005945769516825629,0.005976761025200986,0.9961218241174389
0.002,3,4,0.00789518772335999,0.00795358209473722,0.9961218241174389
0.002,3,5,0.009830542667627227,0.009922736704477441,0.9961218241174389
0.002,3,6,0.011752598026318575,0.011884254586301133,0.9961218241174389
0.002,3,7,0.013661981424545928,0.013838165356782324,0.9961218241174389
0.002,3,8,0.015559396234679347,0.015784498517636757,0.9961218241174389
0.002,3,9,0.01744574015215498,0.01772328345616734,0.9961218241174389
0.002,3,10,0.019321732099539215,0.01965454944570784,0.9961218241174389
0.002,3,11,0.02118821603085491,0.02157832564606489,0.9961218241174389
0.002,3,12,0.023045960769245914,0.02349464110395827,0.9961218241174389
0.002,3,13,0.02489549768070238,0.025403524753459472,0.9961218241174389
0.002,3,14,0.02673748774409367,0.02730500541642856,0.9961218241174389
0.002,3,15,0.028572015161044635,0.029199111802949367,0.9961218241174389
0.002,3,16,0.03039931917835492,0.031085872511762966,0.9961218241174389
0.002,3,17,0.03222013609907587,0.03296531603069948,0.9961218241174389
0.002,3,18,0.034035924239143325,0.03483747073710822,0.9961218241174389
0.002,3,19,0.03584971575282043,0.036702364898286134,0.9961218241174389
0.002,3,20,0.03766026707537042,0.03856002667190465,0.9961218241174389
0.002,3,21,0.039464843992694947,0.04041048410643475,0.9961218241174389
0.002,3,22,0.04126144180348436,0.04225376514157056,0.9961218241174389
0.002,3,23,0.04304988578775613,0.04408989760865112,0.9961218241174389
0.002,3,24,0.0448301062894977,0.04591890923108066,0.9961218241174389
0.002,3,25,0.04660244660306584,0.04774082762474718,0.9961218241174389
0.002,3,26,0.048366685091633506,0.049555680298439375,0.9961218241174389
0.002,3,27,0.050122422335014384,0.05136349465426206,0.9961218241174389
0.002,3,28,0.0518707015728048,0.05316429798804984,0.9961218241174389
0.002,3,29,0.05361226054049861,0.054958117489779294,0.9961218241174389
0.002,3,30,0.05534717734943707,0.056744980243979476,0.9961218241174389
0.002,3,31,0.057075684202266636,0.05852491323014087,0.9961218241174389
0.002,3,32,0.058797178083641516,0.06029794332312276,0.9961218241174389
0.002,3,33,0.06051189272364574,0.06206409729355899,0.9961218241174389
0.002,3,34,0.06222192846817161,0.06382340180826218,0.9961218241174389
0.002,3,35,0.06392932102977908,0.06557588343062637,0.9961218241174389
0.002,3,36,0.06563424221200688,0.06732156862102807,0.9961218241174389
0.002,3,37,0.06733457865472806,0.06906048373722583,0.9961218241174389
0.002,3,38,0.06902745143390449,0.07079265503475812,0.9961218241174389
0.002,3,39,0.07071201589650264,0.07251810866733986,0.9961218241174389
0.002,3,40,0.0723890765660751,0.07423687068725723,0.9961218241174389
0.002,4,0,0.0,0.0,1.0065717988578462
0.002,4,1,0.0019999999999999987,0.002,1.0065717988578462
0.002,4,2,0.003996108252297192,0.004013143597715692,1.0065717988578462
0.002,4,3,0.005989928563015052,0.006039517170227533,1.0065717988578462
0.002,4,4,0.007982443404271232,0.008079207662268776,1.0065717988578462
0.002,4,5,0.009974647012779262,0.010132302589955976,1.0065717988578462
0.002,4,6,0.011968051821628203,0.012198890044544,1.0065717988578462
0.002,4,7,0.013964493439727964,0.014279058696205726,1.0065717988578462
0.002,4,8,0.015965557863443818,0.016372897797836572,1.0065717988578462
0.002,4,9,0.01797180281271376,0.018480497188884025,1.0065717988578462
0.002,4,10,0.019984036076706135,0.02060194729920236,1.0065717988578462
0.002,4,11,0.022002594279440013,0.02273733915293267,1.0065717988578462
0.002,4,12,0.024027706348555552,0.024886764372408374,1.0065717988578462
0.002,4,13,0.02606343104251365,0.027050315182086455,1.0065717988578462
0.002,4,14,0.028112461263308172,0.02922808441250447,1.0065717988578462
0.002,4,15,0.030175503715235526,0.031420165504263596,1.0065717988578462
0.002,4,16,0.03224866788162097,0.033626652512037856,1.0065717988578462
0.002,4,17,0.03432777173813075,0.03584764010860966,1.0065717988578462
0.002,4,18,0.03641629846558534,0.03808322358893191,1.0065717988578462
0.002,4,19,0.038514980278789954,0.04033349887421676,1.0065717988578462
0.002,4,20,0.04062072973021181,0.04259856251605128,1.0065717988578462
0.002,4,21,0.04272936855706211,0.04487851170054016,1.0065717988578462
0.002,4,22,0.04484103891068398,0.047173444252475605,1.0065717988578462
0.002,4,23,0.04695515759471621,0.0494834586395347,1.0065717988578462
0.002,4,24,0.049064531368195566,0.05180865397650427,1.0065717988578462
0.002,4,25,0.05116786987111876,0.05414913002953361,1.0065717988578462
0.002,4,26,0.0532641482380024,0.05650498722041507,1.0065717988578462
0.002,4,27,0.05535873653980028,0.05887632663089281,1.0065717988578462
0.002,4,28,0.05746950914137855,0.06126325000699989,1.0065717988578462
0.002,4,29,0.05960372083556302,0.06366585976342384,1.0065717988578462
0.002,4,30,0.06175590622195116,0.0660842589879009,1.0065717988578462
0.002,4,31,0.06392203820204488,0.0685185514456392,1.0065717988578462
0.002,4,32,0.06610432544699622,0.07096884158377094,1.0065717988578462
0.002,4,33,0.06829949214619799,0.07343523453583384,1.0065717988578462
0.002,4,34,0.07050194181021863,0.0759178361262821,1.0065717988578462
0.002,4,35,0.07270832910436478,0.07841675287502696,1.0065717988578462
0.002,4,36,0.07491723300286937,0.08093209200200707,1.0065717988578462
0.002,4,37,0.07712625378459441,0.08346396143178897,1.0065717988578462
0.002,4,38,0.07933184482817932,0.08601246979819772,1.0065717988578462
0.002,4,39,0.08153588565126917,0.08857772644897806,1.0065717988578462
0.002,4,40,0.08373255138294225,0.09115984145048607,1.0065717988578462
0.002,5,0,0.0,0.0,1.0262842232802896
0.002,5,1,0.0020000000000000035,0.002,1.0262842232802896
0.002,5,2,0.004007961773890724,0.00405256844656058,1.0262842232802896
0.002,5,3,0.006029438971731216,0.006159087060468634,1.0262842232802896
0.002,5,4,0.008074930338340542,0.008320973879968734,1.0262842232802896
0.002,5,5,0.010149476394271797,0.01053968421533929,1.0262842232802896
0.002,5,6,0.01225865113901098,0.012816711628559012,1.0262842232802896
0.002,5,7,0.014418421392073916,0.01515358893872314,1.0262842232802896
0.002,5,8,0.016640297048279528,0.017551889253886267,1.0262842232802896
0.002,5,9,0.018904016983164563,0.02001322703002633,1.0262842232802896
0.002,5,10,0.021235819932305045,0.02253925915784267,1.0262842232802896
0.002,5,11,0.023625007100369397,0.02513168607811972,1.0262842232802896
0.002,5,12,0.026036034990511207,0.027792252926407163,1.0262842232802896
0.002,5,13,0.02851174112413905,0.03052275070778713,1.0262842232802896
0.002,5,14,0.030971086583332245,0.033325017502519226,1.0262842232802896
0.002,5,15,0.033468428842240536,0.036200939703375,1.0262842232802896
0.002,5,16,0.035920558153545536,0.039152453285494805,1.0262842232802896
0.002,5,17,0.038371800117910575,0.04218154510962186,1.0262842232802896
0.002,5,18,0.040771442598715436,0.04529025425959077,1.0262842232802896
0.002,5,19,0.04314408909708269,0.04848067341497094,1.0262842232802896
0.002,5,20,0.04546634884268851,0.05175495025978884,1.0262842232802896
0.002,5,21,0.047735155075547105,0.05511528892827741,1.0262842232802896
0.002,5,22,0.04994383832281673,0.05856395148862593,1.0262842232802896
0.002,5,23,0.05207333075111032,0.06210325946572902,1.0262842232802896
0.002,5,24,0.05411813115786274,0.06573559540396,1.0262842232802896
0.002,5,25,0.05606761408906472,0.06946340447102047,1.0262842232802896
0.002,5,26,0.05790950625508499,0.07328919610394584,1.0262842232802896
0.002,5,27,0.059618505494701594,0.07721554569837488,1.0262842232802896
0.002,5,28,0.06114443077102688,0.08124509634222037,1.0262842232802896
0.002,5,29,0.06239723391047163,0.08538056059490792,1.0262842232802896
0.002,5,30,0.06324274698208875,0.08962472231338078,1.0262842232802896
0.002,5,31,0.06352610121197788,0.09398043852609964,1.0262842232802896
0.002,5,32,0.06314590577240872,0.09845064135629916,1.0262842232802896
0.002,5,33,0.06213627375309667,0.10303833999579584,1.0262842232802896
0.002,5,34,0.06069663601630011,0.10774662273067573,1.0262842232802896
0.002,5,35,0.059131645687001515,0.11257865902022593,1.0262842232802896
0.002,5,36,0.05772802201126885,0.11753770163050914,1.0262842232802896
0.002,5,37,0.05666659081483852,0.1226270888240175,1.0262842232802896
0.002,5,38,0.056005535295481634,0.12785024660687988,1.0262842232802896
0.002,5,39,0.05571808722599239,0.1332106910351352,1.0262842232802896
0.002,5,40,0.0557392731541878,0.13871203058162435,1.0262842232802896
0.002,6,0,0.0,0.0,1.016659607207284
0.002,6,1,0.001999999999999999,0.002,1.016659607207284
0.002,6,2,0.003996473090528531,0.004033319214414568,1.016659607207284
0.002,6,3,0.005994331048456732,0.0061005127282683065,1.016659607207284
0.002,6,4,0.007998304615706218,0.008202144874084293,1.016659607207284
0.002,6,5,0.010012970264054406,0.010338789385943774,1.016659607207284
0.002,6,6,0.012042824565207602,0.012511029556112434,1.016659607207284
0.002,6,7,0.014092124975981668,0.014719458394275988,1.016659607207284
0.002,6,8,0.01616502117771881,0.016964678789428585,1.016659607207284
0.002,6,9,0.018265908175911196,0.019247303674458205,1.016659607207284
0.002,6,10,0.02039833492655755,0.021567956193473993,1.016659607207284
0.002,6,11,0.022565415816010508,0.023927269871921175,1.016659607207284
0.002,6,12,0.024769750464513456,0.026325888789530065,1.016659607207284
0.002,6,13,0.027011102319530307,0.02876446775614628,1.016659607207284
0.002,6,14,0.02928686996955908,0.03124367249049026,1.016659607207284
0.002,6,15,0.03159401550085352,0.033764179801894854,1.016659607207284
0.002,6,16,0.033927134849440835,0.03632667777507054,1.016659607207284
0.002,6,17,0.036275964650972124,0.038931865957948786,1.016659607207284
0.002,6,18,0.03862692963324143,0.04158045555265485,1.016659607207284
0.002,6,19,0.04096231835473606,0.04427316960966201,1.016659607207284
0.002,6,20,0.04326346092008754,0.047010743225180444,1.016659607207284
0.002,6,21,0.04551153183704357,0.04979392374183444,1.016659607207284
0.002,6,22,0.04768026910198577,0.052623470952682855,1.016659607207284
0.002,6,23,0.04973593772717245,0.05550015730863847,1.016659607207284
0.002,6,24,0.05163528592617739,0.05842476812934286,1.016659607207284
0.002,6,25,0.05330933341352258,0.061398101817554354,1.016659607207284
0.002,6,26,0.05465079805715931,0.06442097007710763,1.016659607207284
0.002,6,27,0.05550769920291741,0.06749419813450444,1.016659607207284
0.002,6,28,0.055712288203815775,0.07061862496419588,1.016659607207284
0.002,6,29,0.05517513008055577,0.07379510351761788,1.016659607207284
0.002,6,30,0.05399714377032779,0.07702450095604225,1.016659607207284
0.002,6,31,0.05248830963311949,0.08030769888730699,1.016659607207284
0.002,6,32,0.05103458181985873,0.08364559360649036,1.016659607207284
0.002,6,33,0.04992289311619303,0.0870390963405946,1.016659607207284
0.002,6,34,0.04926479109937357,0.09048913349730586,1.016659607207284
0.002,6,35,0.04903520686130371,0.09399664691789847,1.016659607207284
0.002,6,36,0.04914823479435264,0.09756259413435242,1.016659607207284
0.002,6,37,0.049511599477713324,0.1011879486307544,1.016659607207284
0.002,6,38,0.0500501915042406,0.10487370010905361,1.016659607207284
0.002,6,39,0.050708380715093475,0.10862085475924495,1.016659607207284
0.002,6,40,0.05144636183313718,0.11243043553405341,1.016659607207284
0.002,7,0,0.0,0.0,1.0003405320296566
0.002,7,1,0.0019999999999999983,0.002,1.0003405320296566
0.002,7,2,0.003981940571245873,0.004000681064059313,1.0003405320296566
0.002,7,3,0.005948851692655417,0.006002043424102066,1.0003405320296566
0.002,7,4,0.007903491925577667,0.008004087312131362,1.0003405320296566
0.002,7,5,0.009848142596807441,0.010006812960229311,1.0003405320296566
0.002,7,6,0.011784825585107996,0.012010220600557052,1.0003405320296566
0.002,7,7,0.013715274586859685,0.014014310465354783,1.0003405320296566
0.002,7,8,0.01564111317141115,0.016019082786941787,1.0003405320296566
0.002,7,9,0.017563756944010273,0.018024537797716463,1.0003405320296566
0.002,7,10,0.019484476088646178,0.020030675730156343,1.0003405320296566
0.002,7,11,0.021404437221969157,0.022037496816818124,1.0003405320296566
0.002,7,12,0.023324497970988702,0.0240450012903377,1.0003405320296566
0.002,7,13,0.0252454202855281,0.026053189383430195,1.0003405320296566
0.002,7,14,0.027167560535183027,0.028062061328889963,1.0003405320296566
0.002,7,15,0.02909073574887773,0.030071617359590637,1.0003405320296566
0.002,7,16,0.03101456965613166,0.03208185770848515,1.0003405320296566
0.002,7,17,0.03293881885638574,0.03409278260860578,1.0003405320296566
0.002,7,18,0.0348630804516136,0.03610439229306413,1.0003405320296566
0.002,7,19,0.03678711371861627,0.038116686995051205,1.0003405320296566
0.002,7,20,0.03871050827070198,0.040129666947837414,1.0003405320296566
0.002,7,21,0.04063207012065444,0.0421433323847726,1.0003405320296566
0.002,7,22,0.0425504739537937,0.04415768353928608,1.0003405320296566
0.002,7,23,0.044467405183003246,0.046172720644886645,1.0003405320296566
0.002,7,24,0.046383048369197676,0.04818844393516261,1.0003405320296566
0.002,7,25,0.048297301389663504,0.05020485364378185,1.0003405320296566
0.002,7,26,0.0502094022558675,0.05222195000449178,1.0003405320296566
0.002,7,27,0.05212127432470355,0.054239733251119436,1.0003405320296566
0.002,7,28,0.05403406457185006,0.05625820361757147,1.0003405320296566
0.002,7,29,0.05594813754233789,0.0582773613378342,1.0003405320296566
0.002,7,30,0.05786161454731289,0.0602972066459736,1.0003405320296566
0.002,7,31,0.05977288661401353,0.062317739776135375,1.0003405320296566
0.002,7,32,0.061683252713055886,0.06433896096254495,1.0003405320296566
0.002,7,33,0.06359215068226415,0.06636087043950752,1.0003405320296566
0.002,7,34,0.0654981696004437,0.06838346844140807,1.0003405320296566
0.002,7,35,0.06740196741390915,0.07040675520271138,1.0003405320296566
0.002,7,36,0.06930326931542607,0.0724307309579621,1.0003405320296566
0.002,7,37,0.07120375540923465,0.07445539594178473,1.0003405320296566
0.002,7,38,0.07310513806330063,0.07648075038888366,1.0003405320296566
0.002,7,39,0.07500811354236994,0.07850679453404324,1.0003405320296566
0.002,7,40,0.0769122254149923,0.08053352861212776,1.0003405320296566
0.002,8,0,0.0,0.0,1.003815017312367
0.002,8,1,0.002000000000000001,0.002,1.003815017312367
0.002,8,2,0.004000280424669421,0.0040076300346247335,1.003815017312367
0.002,8,3,0.006002171411378939,0.006022919212588389,1.003815017312367
0.002,8,4,0.008006761797583847,0.008045896753655402,1.003815017312367
0.002,8,5,0.010014444823171719,0.010076591989064115,1.003815017312367
0.002,8,6,0.01202579428243856,0.012115034361952054,1.003815017312367
0.002,8,7,0.01404130288350855,0.014161253427782822,1.003815017312367
0.002,8,8,0.0160614078713103,0.01621527885477463,1.003815017312367
0.002,8,9,0.018085720673658417,0.01827714042433045,1.003815017312367
0.002,8,10,0.020113806260183893,0.02034686803146983,1.003815017312367
0.002,8,11,0.022144894995580446,0.022424491685262338,1.003815017312367
0.002,8,12,0.024178013291534302,0.024510041509262642,1.003815017312367
0.002,8,13,0.026212209724279113,0.026603547741947314,1.003815017312367
0.002,8,14,0.028246627954295882,0.02870504073715323,1.003815017312367
0.002,8,15,0.030280202324185917,0.03081455096451767,1.003815017312367
0.002,8,16,0.0323118594710058,0.03293210900992012,1.003815017312367
0.002,8,17,0.03434090515903811,0.035057745575925725,1.003815017312367
0.002,8,18,0.03636682716834985,0.03719149148223044,1.003815017312367
0.002,8,19,0.03838908242353442,0.0393333776661079,1.003815017312367
0.002,8,20,0.040407444434609516,0.04148343518285797,1.003815017312367
0.002,8,21,0.042422260130280075,0.04364169520625703,1.003815017312367
0.002,8,22,0.04443455365977294,0.045808189029009946,1.003815017312367
0.002,8,23,0.04644430375695696,0.0479829480632038,1.003815017312367
0.002,8,24,0.048451173675073976,0.050166003840763335,1.003815017312367
0.002,8,25,0.050454906372897804,0.052357388013908115,1.003815017312367
0.002,8,26,0.0524548575172669,0.05455713235561149,1.003815017312367
0.002,8,27,0.05445108835917631,0.05676526876006125,1.003815017312367
0.002,8,28,0.056445663576266014,0.05898182924312205,1.003815017312367
0.002,8,29,0.058437463735724754,0.06120684594279963,1.003815017312367
0.002,8,30,0.06042522834254685,0.06344035111970679,1.003815017312367
0.002,8,31,0.062410787985662027,0.06568237715753111,1.003815017312367
0.002,8,32,0.06439382502692588,0.06793295656350451,1.003815017312367
0.002,8,33,0.06637177683932237,0.07019212196887456,1.003815017312367
0.002,8,34,0.06834715288004674,0.0724599061293776,1.003815017312367
0.002,8,35,0.07031851627687302,0.07473634192571366,1.003815017312367
0.002,8,36,0.0722847874694163,0.07702146236402324,1.003815017312367
0.002,8,37,0.07424749563396632,0.07931530057636582,1.003815017312367
0.002,8,38,0.07620600108281533,0.08161788982120025,1.003815017312367
0.002,8,39,0.07815928326628134,0.08392926348386699,1.003815017312367
0.002,8,40,0.08010700734530683,0.08624945507707216,1.003815017312367
0.002,9,0,0.0,0.0,0.9911035696563254
0.002,9,1,0.0019999999999999987,0.002,0.9911035696563254
0.002,9,2,0.003970346756810018,0.0039822071393126515,0.9911035696563254
0.002,9,3,0.005912848033387504,0.005946779710883672,0.9911035696563254
0.002,9,4,0.007828869780943696,0.00789387459941662,0.9911035696563254
0.002,9,5,0.009719462241355106,0.009823647293901207,0.9911035696563254
0.002,9,6,0.011585479283507739,0.011736251900030187,0.9911035696563254
0.002,9,7,0.013427708062760299,0.01363184115250575,0.9911035696563254
0.002,9,8,0.015246844768503904,0.015510566427236446,0.9911035696563254
0.002,9,9,0.01704352322854123,0.0173725777534256,0.9911035696563254
0.002,9,10,0.018818456705272664,0.019218023825552176,0.9911035696563254
0.002,9,11,0.02057249029604122,0.021047052015245073,0.9911035696563254
0.002,9,12,0.02230652154431564,0.022859808383051745,0.9911035696563254
0.002,9,13,0.024021596766199582,0.02465643769010218,0.9911035696563254
0.002,9,14,0.025718577810081588,0.026437083409669035,0.9911035696563254
0.002,9,15,0.02739820066268765,0.028201887738624996,0.9911035696563254
0.002,9,16,0.029061174724034182,0.02995099160879819,0.9911035696563254
0.002,9,17,0.0307082794225173,0.03168453469822653,0.9911035696563254
0.002,9,18,0.032340336719036834,0.033402655442312024,0.9911035696563254
0.002,9,19,0.033958221228794765,0.03510549104487573,0.9911035696563254
0.002,9,20,0.03556274074043509,0.0367931774891145,0.9911035696563254
0.002,9,21,0.03715466634348241,0.03846584954846014,0.9911035696563254
0.002,9,22,0.03873466322504318,0.040123640797342,0.9911035696563254
0.002,9,23,0.04030330569695208,0.04176668362185383,0.9911035696563254
0.002,9,24,0.04186106609083787,0.04339510923032572,0.9911035696563254
0.002,9,25,0.043408326919787917,0.045009047663801975,0.9911035696563254
0.002,9,26,0.044945426800624466,0.046608627806425836,0.9911035696563254
0.002,9,27,0.04647275218036954,0.04819397739573172,0.9911035696563254
0.002,9,28,0.04799046317865875,0.049765223032845966,0.9911035696563254
0.002,9,29,0.04949856413090012,0.051322490192596826,0.9911035696563254
0.002,9,30,0.05099708776587056,0.05286590323353447,0.9911035696563254
0.002,9,31,0.052486113470884804,0.054395585407861886,0.9911035696563254
0.002,9,32,0.053965679000608544,0.05591165887127744,0.9911035696563254
0.002,9,33,0.0554358538316741,0.05741424469272983,0.9911035696563254
0.002,9,34,0.05689667347511509,0.05890346286408627,0.9911035696563254
0.002,9,35,0.05834816334109651,0.06037943230971471,0.9911035696563254
0.002,9,36,0.05979050435036784,0.06184227089598072,0.9911035696563254
0.002,9,37,0.06122378388910689,0.06329209544065997,0.9911035696563254
0.002,9,38,0.06264819101223064,0.06472902172226694,0.9911035696563254
0.002,9,39,0.06406390026758942,0.06615316448930059,0.9911035696563254
0.002,9,40,0.06547043347804159,0.06756463746940788,0.9911035696563254
0.004,0,0,0.0,0.0,1.0014359113772233
0.004,0,1,0.004,0.004,1.0014359113772233
0.004,0,2,0.0079612863164948,0.008005743645508894,1.0014359113772233
0.004,0,3,0.01188878698759674,0.012017239183892614,1.0014359113772233
0.004,0,4,0.01578701765490508,0.01603449487435958,1.0014359113772233
0.004,0,5,0.019660123906384656,0.020057518987977703,1.0014359113772233
0.004,0,6,0.02351276252852846,0.024086319807691412,1.0014359113772233
0.004,0,7,0.027349489818473065,0.028120905628338716,1.0014359113772233
0.004,0,8,0.03117384740116703,0.03216128475666827,1.0014359113772233
0.004,0,9,0.03498891303646438,0.03620746551135649,1.0014359113772233
0.004,0,10,0.03879729260244221,0.04025945622302467,1.0014359113772233
0.004,0,11,0.04260215457590956,0.04431726523425614,1.0014359113772233
0.004,0,12,0.04640547765975778,0.04838090089961343,1.0014359113772233
0.004,0,13,0.05020892997116772,0.05245037158565549,1.0014359113772233
0.004,0,14,0.054014404570967484,0.05652568567095492,1.0014359113772233
0.004,0,15,0.057823918648277975,0.0606068515461152,1.0014359113772233
0.004,0,16,0.061639430754316084,0.06469387761378795,1.0014359113772233
0.004,0,17,0.06546337211270033,0.06878677228869028,1.0014359113772233
0.004,0,18,0.06929643826300386,0.07288554399762208,1.0014359113772233
0.004,0,19,0.07313939720203519,0.07699020117948338,1.0014359113772233
0.004,0,20,0.07699180754495558,0.08110075228529172,1.0014359113772233
0.004,0,21,0.08085125238611555,0.08521720577819954,1.0014359113772233
0.004,0,22,0.08471669253686345,0.08933957013351164,1.0014359113772233
0.004,0,23,0.08858832934990951,0.0934678538387026,1.0014359113772233
0.004,0,24,0.09246728959915092,0.09760206539343425,1.0014359113772233
0.004,0,25,0.09635001583715859,0.10174221330957317,1.0014359113772233
0.004,0,26,0.10023464054430054,0.10588830611120827,1.0014359113772233
0.004,0,27,0.10412084279066329,0.11004035233466826,1.0014359113772233
0.004,0,28,0.10800574308017763,0.11419836052853928,1.0014359113772233
0.004,0,29,0.11188858921269172,0.11836233925368246,1.0014359113772233
0.004,0,30,0.11577261211650594,0.1225322970832516,1.0014359113772233
0.004,0,31,0.11965963835037734,0.12670824260271074,1.0014359113772233
0.004,0,32,0.12354861287911637,0.13089018440985195,1.0014359113772233
0.004,0,33,0.12743777165581116,0.13507813111481293,1.0014359113772233
0.004,0,34,0.1313228314059308,0.13927209134009474,1.0014359113772233
0.004,0,35,0.13519765882183396,0.14347207372057968,1.0014359113772233
0.004,0,36,0.1390615104468384,0.1476780869035489,1.0014359113772233
0.004,0,37,0.14291564821068398,0.15189013954870026,1.0014359113772233
0.004,0,38,0.14675649993975856,0.15610824032816628,1.0014359113772233
0.004,0,39,0.15058336052409255,0.1603323979265318,1.0014359113772233
0.004,0,40,0.15439585955389223,0.164562621040852,1.0014359113772233
0.004,1,0,0.0,0.0,0.9952997394638502
0.004,1,1,0.004,0.004,0.9952997394638502
0.004,1,2,0.007974442352319172,0.007981198957855401,0.9952997394638502
0.004,1,3,0.01192443228545791,0.011943685243362633,0.9952997394638502
0.004,1,4,0.015850810488386415,0.01588754681095706,0.9952997394638502
0.004,1,5,0.01975422478921052,0.019812871201665288,0.9952997394638502
0.004,1,6,0.023635196438752063,0.02371974554504828,0.9952997394638502
0.004,1,7,0.027494089235149226,0.027608256561135375,0.9952997394638502
0.004,1,8,0.03133121435823952,0.03147849056234917,0.9952997394638502
0.004,1,9,0.03514688183674682,0.03533053345542139,0.9952997394638502
0.004,1,10,0.038941265980818214,0.03916447074329976,0.9952997394638502
0.004,1,11,0.042714730150933085,0.04298038752704583,0.9952997394638502
0.004,1,12,0.0464678394086041,0.04677836850772403,0.9952997394638502
0.004,1,13,0.05020065437023818,0.0505584979882817,0.9952997394638502
0.004,1,14,0.05391268043907263,0.054320859875420374,0.9952997394638502
0.004,1,15,0.057603079679235,0.05806553768145821,0.9952997394638502
0.004,1,16,0.061271048993928184,0.06179261452618373,0.9952997394638502
0.004,1,17,0.06491594353233973,0.0655021731387008,0.9952997394638502
0.004,1,18,0.06853679397312877,0.06919429585926491,0.9952997394638502
0.004,1,19,0.0721332062292529,0.07286906464111094,0.9952997394638502
0.004,1,20,0.07570525059681758,0.07652656105227218,0.9952997394638502
0.004,1,21,0.07925246363129963,0.08016686627739093,0.9952997394638502
0.004,1,22,0.08277397077118803,0.08379006111952052,0.9952997394638502
0.004,1,23,0.08626963782286093,0.08739622600191886,0.9952997394638502
0.004,1,24,0.08974041284060168,0.09098544096983362,0.9952997394638502
0.004,1,25,0.09318659241730869,0.09455778569227892,0.9952997394638502
0.004,1,26,0.0966073546505101,0.0981133394638038,0.9952997394638502
0.004,1,27,0.10000224206817439,0.10165218120625222,0.9952997394638502
0.004,1,28,0.10337039261803511,0.10517438947051493,0.9952997394638502
0.004,1,29,0.10670932161928612,0.10868004243827302,0.9952997394638502
0.004,1,30,0.11001903269847259,0.11216921792373333,0.9952997394638502
0.004,1,31,0.1133019918536229,0.11564199337535562,0.9952997394638502
0.004,1,32,0.116558072466332,0.11909844587757175,0.9952997394638502
0.004,1,33,0.11978554664652463,0.12253865215249662,0.9952997394638502
0.004,1,34,0.12298455078655379,0.12596268856163126,0.9952997394638502
0.004,1,35,0.12615341609861683,0.1293706311075577,0.9952997394638502
0.004,1,36,0.1292888275448602,0.13276255543562607,0.9952997394638502
0.004,1,37,0.13238998556516798,0.1361385368356336,0.9952997394638502
0.004,1,38,0.13545765588296624,0.1394986502434959,0.9952997394638502
0.004,1,39,0.13848933345096825,0.14284297024291023,0.9952997394638502
0.004,1,40,0.141478671913427,0.14617157106701106,0.9952997394638502
0.004,2,0,0.0,0.0,0.99149765862297
0.004,2,1,0.004,0.004,0.99149765862297
0.004,2,2,0.0079650774021874,0.00796599063449188,0.99149765862297
0.004,2,3,0.011893964359443517,0.011898261062711206,0.99149765862297
0.004,2,4,0.015785345514689936,0.015797097985363013,0.99149765862297
0.004,2,5,0.01963787568701017,0.019662785665525064,0.99149765862297
0.004,2,6,0.023450034836269926,0.0234956059493734,0.99149765862297
0.004,2,7,0.02722038257224941,0.027295838286731648,0.99149765862297
0.004,2,8,0.03094769922989743,0.031063759751445652,0.99149765862297
0.004,2,9,0.034631138151344165,0.03479964506158482,0.99149765862297
0.004,2,10,0.03826990070879014,0.038503766599471745,0.99149765862297
0.004,2,11,0.04186318972126961,0.042176394431541545,0.99149765862297
0.004,2,12,0.04541043397740408,0.04581779632803232,0.99149765862297
0.004,2,13,0.04891109746829842,0.049428237782508155,0.99149765862297
0.004,2,14,0.05236455948200582,0.05300798203121626,0.99149765862297
0.004,2,15,0.055770281863993486,0.05655729007227939,0.99149765862297
0.004,2,16,0.05912839506854678,0.06007642068472516,0.99149765862297
0.004,2,17,0.06243960911971902,0.06356563044735355,0.99149765862297
0.004,2,18,0.06570491494056416,0.06702517375744403,0.99149765862297
0.004,2,19,0.06892460343175419,0.0704553028493035,0.99149765862297
0.004,2,20,0.0720991284727127,0.0738562678126567,0.99149765862297
0.004,2,21,0.07523038247439455,0.07722831661088014,0.99149765862297
0.004,2,22,0.07832047524495234,0.08057169509908109,0.99149765862297
0.004,2,23,0.08137049886687778,0.08388664704202273,0.99149765862297
0.004,2,24,0.08438117213124106,0.08717341413189703,0.99149765862297
0.004,2,25,0.08735460205128896,0.09043223600594644,0.99149765862297
0.004,2,26,0.09029307927938965,0.09366335026393574,0.99149765862297
0.004,2,27,0.09319672845644551,0.09686699248547544,0.99149765862297
0.004,2,28,0.09606695086288952,0.10004339624719773,0.99149765862297
0.004,2,29,0.0989061156637935,0.10319279313978658,0.99149765862297
0.004,2,30,0.10171489074532755,0.10631541278486288,0.99149765862297
0.004,2,31,0.10449323467625912,0.10941148285172612,0.99149765862297
0.004,2,32,0.10724068680188008,0.11248122907395369,0.99149765862297
0.004,2,33,0.10995744031556409,0.11552487526585903,0.99149765862297
0.004,2,34,0.11264446352231669,0.11854264333880989,0.99149765862297
0.004,2,35,0.11530289130692399,0.12153475331740782,0.99149765862297
0.004,2,36,0.11793376356441314,0.12450142335553009,0.99149765862297
0.004,2,37,0.12054054735780717,0.12744286975223523,0.99149765862297
0.004,2,38,0.12312789644272945,0.13035930696753337,0.99149765862297
0.004,2,39,0.12569828662997357,0.13325094763802237,0.99149765862297
0.004,2,40,0.12825265365491925,0.13611800259239115,0.99149765862297
0.004,3,0,0.0,0.0,0.9958715486607302
0.004,3,1,0.003999999999999999,0.004,0.9958715486607302
0.004,3,2,0.007962548412447451,0.007983486194642921,0.9958715486607302
0.004,3,3,0.01189148174779625,0.011950526760370606,0.9958715486607302
0.004,3,4,0.015790104048284664,0.015901189592161774,0.9958715486607302
0.004,3,5,0.019660439192142828,0.01983554230469403,0.9958715486607302
0.004,3,6,0.02350409059934148,0.023753652233501076,0.9958715486607302
0.004,3,7,0.027322510962328052,0.027655586436125132,0.9958715486607302
0.004,3,8,0.03111699005918763,0.03154141169326462,0.9958715486607302
0.004,3,9,0.034889120561868305,0.0354111945099171,0.9958715486607302
0.004,3,10,0.03864028768850309,0.0392650011165175,0.9958715486607302
0.004,3,11,0.042372325035877734,0.04310289747007158,0.9958715486607302
0.004,3,12,0.04608716897594938,0.046924949255284856,0.9958715486607302
0.004,3,13,0.049786372987650436,0.05073122188568671,0.9958715486607302
0.004,3,14,0.05347209050466773,0.054521780504749956,0.9958715486607302
0.004,3,15,0.05714500773087812,0.058296689987005754,0.9958715486607302
0.004,3,16,0.06080444043412746,0.0620560149391539,0.9958715486607302
0.004,3,17,0.06445178305634112,0.0657998197011686,0.9958715486607302
0.004,3,18,0.06808874235177165,0.06952816834739961,0.9958715486607302
0.004,3,19,0.0717155919678889,0.07324112468766882,0.9958715486607302
0.004,3,20,0.07532982029665383,0.07693875226836239,0.9958715486607302
0.004,3,21,0.07892835969385681,0.08062111437351832,0.9958715486607302
0.004,3,22,0.08250929074512374,0.08428827402590955,0.9958715486607302
0.004,3,23,0.08607237013493677,0.08794029398812254,0.9958715486607302
0.004,3,24,0.08961735040739773,0.09157723676363151,0.9958715486607302
0.004,3,25,0.09314482445086683,0.09519916459786808,0.9958715486607302
0.004,3,26,0.09665422331601585,0.09880613947928665,0.9958715486607302
0.004,3,27,0.10014461289161428,0.10239822314042532,0.9958715486607302
0.004,3,28,0.1036180211514796,0.10597547705896239,0.9958715486607302
0.004,3,29,0.10707584458507448,0.10953796245876857,0.9958715486607302
0.004,3,30,0.11051812717674342,0.1130857403109548,0.9958715486607302
0.004,3,31,0.11394523360651536,0.11661887133491572,0.9958715486607302
0.004,3,32,0.11735580571924137,0.12013741599936896,0.9958715486607302
0.004,3,33,0.12075023031092233,0.12364143452338996,0.9958715486607302
0.004,3,34,0.12413276335470434,0.12713098687744265,0.9958715486607302
0.004,3,35,0.12750751750136993,0.13060613278440578,0.9958715486607302
0.004,3,36,0.13087473303801464,0.13406693172059517,0.9958715486607302
0.004,3,37,0.13422992645689288,0.1375134429167815,0.9958715486607302
0.004,3,38,0.137567064625809,0.14094572535920413,0.9958715486607302
0.004,3,39,0.1408843752185775,0.1443638377905806,0.9958715486607302
0.004,3,40,0.14418349495655602,0.14776783871111196,0.9958715486607302
0.004,4,0,0.0,0.0,1.0062956904602398
0.004,4,1,0.003999999999999997,0.004,1.0062956904602398
0.004,4,2,0.007992334479998036,0.00802518276184096,1.0062956904602398
0.004,4,3,0.01198014160455258,0.012075706828396364,1.0062956904602398
0.004,4,4,0.01596517047454225,0.01615173174067655,1.0062956904602398
0.004,4,5,0.01994999938803823,0.02025341804411268,1.0062956904602398
0.004,4,6,0.023937136008569605,0.02438092729488025,1.0062956904602398
0.004,4,7,0.02792972319105328,0.028534422066262426,1.0062956904602398
0.004,4,8,0.03193080762513389,0.032714065955053453,1.0062956904602398
0.004,4,9,0.03594367429303596,0.03692002358800234,1.0062956904602398
0.004,4,10,0.03997110650144912,0.04115246062829715,1.0062956904602398
0.004,4,11,0.044015161651439025,0.045411543782090114,1.0062956904602398
0.004,4,12,0.04807595424635576,0.049697440805063775,1.0062956904602398
0.004,4,13,0.05215618126527064,0.05401032050903855,1.0062956904602398
0.004,4,14,0.05625722884887609,0.0583503527686218,1.0062956904602398
0.004,4,15,0.06037827666970084,0.06271770852789883,1.0062956904602398
0.004,4,16,0.06451852780485934,0.06711255980716603,1.0062956904602398
0.004,4,17,0.06867387253126883,0.07153507970970628,1.0062956904602398
0.004,4,18,0.07284613501511153,0.07598544242860718,1.0062956904602398
0.004,4,19,0.0770356232298218,0.08046382325362207,1.0062956904602398
0.004,4,20,0.08123569057037883,0.08497039857807433,1.0062956904602398
0.004,4,21,0.08543813354030981,0.08950534590580508,1.0062956904602398
0.004,4,22,0.08964128509902118,0.09406884385816473,1.0062956904602398
0.004,4,23,0.09384292353371299,0.09866107218104837,1.0062956904602398
0.004,4,24,0.09803466162868842,0.10328221175197563,1.0062956904602398
0.004,4,25,0.10221486581467101,0.10793244458721502,1.0062956904602398
0.004,4,26,0.10638228589552133,0.11261195384895312,1.0062956904602398
0.004,4,27,0.11054695955597069,0.11732092385250895,1.0062956904602398
0.004,4,28,0.11473661037253613,0.12205954007359371,1.0062956904602398
0.004,4,29,0.11896176796981095,0.1268279891556163,1.0062956904602398
0.004,4,30,0.12321420044135625,0.13162645891703473,1.0062956904602398
0.004,4,31,0.12749209106675416,0.13645513835875386,1.0062956904602398
0.004,4,32,0.13179871766246237,0.14131421767156976,1.0062956904602398
0.004,4,33,0.1361267951227354,0.14620388824366093,1.0062956904602398
0.004,4,34,0.14046313783538886,0.15112434266812652,1.0062956904602398
0.004,4,35,0.14479692416238185,0.15607577475057227,1.0062956904602398
0.004,4,36,0.14912556757099463,0.16105837951674398,1.0062956904602398
0.004,4,37,0.15344736375899906,0.16607235322020925,1.0062956904602398
0.004,4,38,0.15775952450836375,0.17111789335008729,1.0062956904602398
0.004,4,39,0.16206371163701258,0.17619519863882777,1.0062956904602398
0.004,4,40,0.16634810437074973,0.1813044690700383,1.0062956904602398
0.004,5,0,0.0,0.0,1.025825655339951
0.004,5,1,0.003999999999999994,0.004,1.025825655339951
0.004,5,2,0.008015905367090024,0.008103302621359804,1.025825655339951
0.004,5,3,0.012059573257062129,0.012312575721974363,1.025825655339951
0.004,5,4,0.01615029849023563,0.01663055605891712,1.025825655339951
0.004,5,5,0.020298466962880523,0.021060051067806444,1.025825655339951
0.004,5,6,0.02451600443944693,0.025603940688125378,1.025825655339951
0.004,5,7,0.028843121130047406,0.03026517923568145,1.025825655339951
0.004,5,8,0.03328051058145812,0.035046797323424,1.025825655339951
0.004,5,9,0.03781128858792892,0.03995190383186786,1.025825655339951
0.004,5,10,0.042485179646977,0.04498368793040455,1.025825655339951
0.004,5,11,0.04724679276198414,0.05014542115081509,1.025825655339951
0.004,5,12,0.052099519063316724,0.05544045951433273,1.025825655339951
0.004,5,13,0.05702451251453212,0.06087224571363839,1.025825655339951
0.004,5,14,0.0619710887656564,0.06644431135120762,1.025825655339951
0.004,5,15,0.06693860585195081,0.07216027923546431,1.025825655339951
0.004,5,16,0.07185453597030443,0.07802386573623403,1.025825655339951
0.004,5,17,0.07673234383314606,0.08403888320102862,1.025825655339951
0.004,5,18,0.08151631915258122,0.09020924243373278,1.025825655339951
0.004,5,19,0.08622993997719874,0.09653895523730445,1.025825655339951
0.004,5,20,0.09083341445242418,0.10303213702214203,1.025825655339951
0.004,5,21,0.09531937428888994,0.10969300948181449,1.025825655339951
0.004,5,22,0.09967043622481034,0.1165259033378938,1.025825655339951
0.004,5,23,0.10384985188608217,0.12353526115567469,1.025825655339951
0.004,5,24,0.10784132759036051,0.130725640232612,1.025825655339951
0.004,5,25,0.11161817587404624,0.13810171556135387,1.025825655339951
0.004,5,26,0.11513788065627953,0.14566828286929734,1.025825655339951
0.004,5,27,0.11831088131387849,0.1534302617366423,1.025825655339951
0.004,5,28,0.12096598069236568,0.16139269879497128,1.025825655339951
0.004,5,29,0.12282853850438685,0.16956077100843472,1.025825655339951
0.004,5,30,0.12356907644635644,0.17793978903967492,1.025825655339951
0.004,5,31,0.12294869626432132,0.18653520070267715,1.025825655339951
0.004,5,32,0.12101488230823837,0.19535259450479306,1.025825655339951
0.004,5,33,0.11816756975228962,0.20439770328023904,1.025825655339951
0.004,5,34,0.11502652703053998,0.21367640791743206,1.025825655339951
0.004,5,35,0.11219011025496928,0.22319474118258642,1.025825655339951
0.004,5,36,0.11003895696674237,0.23295889164205746,1.025825655339951
0.004,5,37,0.1087006923223972,0.24297520768598221,1.025825655339951
0.004,5,38,0.10812161525724087,0.2532502016558334,1.025825655339951
0.004,5,39,0.10816611555810697,0.26379055407857005,1.025825655339951
0.004,5,40,0.10868597646713046,0.2746031180101379,1.025825655339951
0.004,6,0,0.0,0.0,1.01635308883064
0.004,6,1,0.003999999999999995,0.004,1.01635308883064
0.004,6,2,0.007992915538779592,0.00806541235532256,1.01635308883064
0.004,6,3,0.011988508941935662,0.012197306760024892,1.01635308883064
0.004,6,4,0.015996171493896264,0.016396770400966147,1.01635308883064
0.004,6,5,0.020024966585757496,0.020664908243868754,1.01635308883064
0.004,6,6,0.024083770652645272,0.025002843324057764,1.01635308883064
0.004,6,7,0.02818094210249015,0.029411717041954655,1.01635308883064
0.004,6,8,0.032324580390802236,0.03389268946340339,1.01635308883064
0.004,6,9,0.03652323444693775,0.03844693962490772,1.01635308883064
0.004,6,10,0.04078368290558638,0.04307566584386009,1.01635308883064
0.004,6,11,0.04511176587229387,0.047780086033843705,1.01635308883064
0.004,6,12,0.04951221654005896,0.05256143802509078,1.01635308883064
0.004,6,13,0.05398396108689785,0.05742097989018127,1.01635308883064
0.004,6,14,0.05852107871358027,0.062359990275067806,1.01635308883064
0.004,6,15,0.06311667370088292,0.06737976873551384,1.01635308883064
0.004,6,16,0.0677589460569154,0.07248163607903368,1.01635308883064
0.004,6,17,0.07242614353576216,0.07766693471242425,1.01635308883064
0.004,6,18,0.07708959885261484,0.08293702899498005,1.01635308883064
0.004,6,19,0.08171195853454348,0.08829330559748433,1.01635308883064
0.004,6,20,0.08625316392069599,0.09373717386707084,1.01635308883064
0.004,6,21,0.09067127742456466,0.0992700661980522,1.01635308883064
0.004,6,22,0.09490655120984755,0.10489343840881248,1.01635308883064
0.004,6,23,0.09887782846040662,0.11060877012486306,1.01635308883064
0.004,6,24,0.10247167588877615,0.11641756516816279,1.01635308883064
0.004,6,25,0.10550212043650299,0.12232135195280458,1.01635308883064
0.004,6,26,0.1076873362017181,0.12832168388717277,1.01635308883064
0.004,6,27,0.10867687142484458,0.13442013978267703,1.01635308883064
0.004,6,28,0.10819782647501633,0.1406183242691702,1.01635308883064
0.004,6,29,0.10629967211727707,0.1469178682171597,1.01635308883064
0.004,6,30,0.10348091415636523,0.15332042916692318,1.01635308883064
0.004,6,31,0.10051291997085277,0.15982769176464173,1.01635308883064
0.004,6,32,0.0980707379670235,0.16644136820566507,1.01635308883064
0.004,6,33,0.09649535187250652,0.17316319868502558,1.01635308883064
0.004,6,34,0.09580998172578269,0.17999495185531958,1.01635308883064
0.004,6,35,0.09586655081230988,0.1869384252920764,1.01635308883064
0.004,6,36,0.09647514419991537,0.1939954459667377,1.01635308883064
0.004,6,37,0.09746975540270288,0.20116787072737138,1.01635308883064
0.004,6,38,0.0987268934756561,0.2084575867872468,1.01635308883064
0.004,6,39,0.10015891887218649,0.2158665122213995,1.01635308883064
0.004,6,40,0.10170419409851995,0.2233965964713165,1.01635308883064
0.004,7,0,0.0,0.0,1.000502494058247
0.004,7,1,0.004,0.004,1.000502494058247
0.004,7,2,0.007963908128406779,0.008002009976232988,1.000502494058247
0.004,7,3,0.011898063818907513,0.012006030938700079,1.000502494058247
0.004,7,4,0.015807691458862436,0.016012063897909906,1.000502494058247
0.004,7,5,0.01969741329638672,0.020020109864878878,1.000502494058247
0.004,7,6,0.02357132950893723,0.024030169851131433,1.000502494058247
0.004,7,7,0.02743301720818251,0.028042244868700293,1.000502494058247
0.004,7,8,0.031285982716972506,0.03205633593012672,1.000502494058247
0.004,7,9,0.03513309881694527,0.03607244404846077,1.000502494058247
0.004,7,10,0.038977055103974104,0.04009057023726158,1.000502494058247
0.004,7,11,0.04282032577707163,0.04411071551059753,1.000502494058247
0.004,7,12,0.0466647112472736,0.048132880883046625,1.000502494058247
0.004,7,13,0.050511511178554055,0.052157067369696664,1.000502494058247
0.004,7,14,0.054361491576658184,0.05618327598614552,1.000502494058247
0.004,7,15,0.05821439373448864,0.06021150774850141,1.000502494058247
0.004,7,16,0.0620693978737255,0.06424176367338312,1.000502494058247
0.004,7,17,0.06592501988323947,0.0682740447779203,1.000502494058247
0.004,7,18,0.06978288810353768,0.0723083520797537,1.000502494058247
0.004,7,19,0.07364298162296393,0.0763446865970354,1.000502494058247
0.004,7,20,0.0775046446739609,0.08038304934842914,1.000502494058247
0.004,7,21,0.08136597635564258,0.0844234413531105,1.000502494058247
0.004,7,22,0.08522734241226229,0.08846586363076721,1.000502494058247
0.004,7,23,0.0890863287794382,0.09251031720159936,1.000502494058247
0.004,7,24,0.09294545533878619,0.09655680308631971,1.000502494058247
0.004,7,25,0.09680430451541015,0.10060532230615392,1.000502494058247
0.004,7,26,0.10066226464410237,0.10465587588284078,1.000502494058247
0.004,7,27,0.10451924896959884,0.10870846483863254,1.000502494058247
0.004,7,28,0.10837691775264653,0.11276309019629512,1.000502494058247
0.004,7,29,0.11223589727048752,0.11681975297910832,1.000502494058247
0.004,7,30,0.11609427559894701,0.12087845421086621,1.000502494058247
0.004,7,31,0.11995109929437703,0.12493919491587725,1.000502494058247
0.004,7,32,0.12380686969048656,0.12900197611896463,1.000502494058247
0.004,7,33,0.12766208300108997,0.13306679884546654,1.000502494058247
0.004,7,34,0.13151508731817055,0.13713366412123634,1.000502494058247
0.004,7,35,0.13536421423121472,0.1412025729726429,1.000502494058247
0.004,7,36,0.13920846216506394,0.14527352642657085,1.000502494058247
0.004,7,37,0.14304951725074563,0.1493465255104208,1.000502494058247
0.004,7,38,0.14689026197515914,0.15342157125210962,1.000502494058247
0.004,7,39,0.15073180350345586,0.15749866468007073,1.000502494058247
0.004,7,40,0.1545728329381925,0.16157780682325432,1.000502494058247
0.004,8,0,0.0,0.0,1.0037254370647875
0.004,8,1,0.003999999999999999,0.004,1.0037254370647875
0.004,8,2,0.008000567814480122,0.00801490174825915,1.0037254370647875
0.004,8,3,0.012004383069453183,0.012044760760302744,1.0037254370647875
0.004,8,4,0.016012972515513972,0.016089632758475674,1.0037254370647875
0.004,8,5,0.020027852492097868,0.020149573672712917,1.0037254370647875
0.004,8,6,0.02405031396179166,0.024224639641312908,1.0037254370647875
0.004,8,7,0.028081120026224708,0.028314887011713776,1.0037254370647875
0.004,8,8,0.03212056744232347,0.032420372341272485,1.0037254370647875
0.004,8,9,0.03616808461679668,0.03654115239804687,1.0037254370647875
0.004,8,10,0.04022259038501325,0.040677284161580604,1.0037254370647875
0.004,8,11,0.04428258199319387,0.04482882482369105,1.0037254370647875
0.004,8,12,0.04834617440505899,0.04899583178926009,1.0037254370647875
0.004,8,13,0.0524116419121722,0.0531783626770279,1.0037254370647875
0.004,8,14,0.056477318788816656,0.057376475320389614,1.0037254370647875
0.004,8,15,0.06054100274200987,0.06159022776819506,1.0037254370647875
0.004,8,16,0.06460088333726273,0.0658196782855514,1.0037254370647875
0.004,8,17,0.06865642793666434,0.07006488535462878,1.0037254370647875
0.004,8,18,0.07270695805245955,0.074325907675469,1.0037254370647875
0.004,8,19,0.07675102666298188,0.07860280416679716,1.0037254370647875
0.004,8,20,0.08078808143239079,0.08289563396683637,1.0037254370647875
0.004,8,21,0.0848188873178378,0.08720445643412549,1.0037254370647875
0.004,8,22,0.08884513484737118,0.09152933114833982,1.0037254370647875
0.004,8,23,0.09286680200752981,0.09587031791111505,1.0037254370647875
0.004,8,24,0.0968827178761715,0.10022747674687409,1.0037254370647875
0.004,8,25,0.10089402806863651,0.10460086790365701,1.0037254370647875
0.004,8,26,0.10490312578768449,0.10899055185395423,1.0037254370647875
0.004,8,27,0.10890702099499933,0.1133965892955426,1.0037254370647875
0.004,8,28,0.11290737947153051,0.1178190411523247,1.0037254370647875
0.004,8,29,0.11690258579490603,0.12225796857517128,1.0037254370647875
0.004,8,30,0.12089432904997902,0.12671343294276685,1.0037254370647875
0.004,8,31,0.1248806055775068,0.13118549586245828,1.0037254370647875
0.004,8,32,0.1288617713012773,0.1356742191711068,1.0037254370647875
0.004,8,33,0.13283664795402308,0.14017966493594294,1.0037254370647875
0.004,8,34,0.13680494939642604,0.1447018954554248,1.0037254370647875
0.004,8,35,0.14076419732272963,0.14924097326009944,1.0037254370647875
0.004,8,36,0.14471275012890017,0.15379696111346758,1.0037254370647875
0.004,8,37,0.14865087360911503,0.15836992201285136,1.0037254370647875
0.004,8,38,0.1525775997340139,0.16295991919026553,1.0037254370647875
0.004,8,39,0.15649067252965088,0.16756701611329172,1.0037254370647875
0.004,8,40,0.16038923717559916,0.17219127648595603,1.0037254370647875
0.004,9,0,0.0,0.0,0.9908779166575469
0.004,9,1,0.004000000000000001,0.004,0.9908779166575469
0.004,9,2,0.007940699136776806,0.007963511666630188,0.9908779166575469
0.004,9,3,0.011825721198435694,0.01189086784950859,0.9908779166575469
0.004,9,4,0.015657803368236394,0.015782398361971275,0.9908779166575469
0.004,9,5,0.01943905083295084,0.019638430008769577,0.9908779166575469
0.004,9,6,0.023171177364922843,0.023459286613514648,0.9908779166575469
0.004,9,7,0.026855716306700063,0.027245289045871673,0.9908779166575469
0.004,9,8,0.030494022238784346,0.03099675524850601,0.9908779166575469
0.004,9,9,0.03408731138888889,0.03471400026378352,0.9908779166575469
0.004,9,10,0.03763703259671857,0.038397336260227344,0.9908779166575469
0.004,9,11,0.04114490056759525,0.042047072558733356,0.9908779166575469
0.004,9,12,0.04461271084980693,0.045663515658546414,0.9908779166575469
0.004,9,13,0.04804254745703343,0.049246969262999735,0.9908779166575469
0.004,9,14,0.05143616602104576,0.052797734305019425,0.9908779166575469
0.004,9,15,0.054795032061581275,0.05631610897239635,0.9908779166575469
0.004,9,16,0.05812048455466671,0.05980238873282748,0.9908779166575469
0.004,9,17,0.06141402577347144,0.06325686635872885,0.9908779166575469
0.004,9,18,0.06467720183376223,0.0666798319518221,0.9908779166575469
0.004,9,19,0.0679116671097727,0.07007157296749682,0.9908779166575469
0.004,9,20,0.07111893220541189,0.07343237423895053,0.9908779166575469
0.004,9,21,0.07430044325600575,0.07676251800110863,0.9908779166575469
0.004,9,22,0.07745748376768286,0.08006228391432596,0.9908779166575469
0.004,9,23,0.08059117509181092,0.08333194908787234,0.9908779166575469
0.004,9,24,0.08370239178510806,0.0865717881032037,0.9908779166575469
0.004,9,25,0.08679188096850281,0.0897820730370211,0.9908779166575469
0.004,9,26,0.08986022705302556,0.09296307348411918,0.9908779166575469
0.004,9,27,0.09290806461562334,0.09611505658002646,0.9908779166575469
0.004,9,28,0.09593579277386967,0.09923828702343887,0.9908779166575469
0.004,9,29,0.09894354302765108,0.10233302709844878,0.9908779166575469
0.004,9,30,0.1019312229633735,0.10539953669657122,0.9908779166575469
0.004,9,31,0.1048987420401533,0.10843807333856915,0.9908779166575469
0.004,9,32,0.10784589802586834,0.11144889219607969,0.9908779166575469
0.004,9,33,0.11077252280182029,0.11443224611304298,0.9908779166575469
0.004,9,34,0.11367843200377477,0.1173883856269357,0.9908779166575469
0.004,9,35,0.11656336206670188,0.12031755898981077,0.9908779166575469
0.004,9,36,0.11942759657898001,0.12322001218914519,0.9908779166575469
0.004,9,37,0.12227122162552753,0.12609598896849772,0.9908779166575469
0.004,9,38,0.12509464972434184,0.12894573084797803,0.9908779166575469
0.004,9,39,0.12789840250493606,0.13176947714452925,0.9908779166575469
0.004,9,40,0.13068099862429874,0.13456746499202538,0.9908779166575469
0.008,0,0,0.0,0.0,1.0008444821331133
0.008,0,1,0.007999999999999998,0.008,1.0008444821331133
0.008,0,2,0.01592268909409599,0.016006755857064906,1.0008444821331133
0.008,0,3,0.023778092687336584,0.024020273276395304,1.0008444821331133
0.008,0,4,0.031575245743316896,0.03204055796800972,1.0008444821331133
0.008,0,5,0.03932272472577483,0.04006761564674868,1.0008444821331133
0.008,0,6,0.04702949738809394,0.048101452032278814,1.0008444821331133
0.008,0,7,0.05470378798054944,0.05614207284909688,1.0008444821331133
0.008,0,8,0.06235245651400927,0.06418948382653389,1.0008444821331133
0.008,0,9,0.06998168731315184,0.07224369069875916,1.0008444821331133
0.008,0,10,0.07759746288326468,0.08030469920478442,1.0008444821331133
0.008,0,11,0.08520556266172177,0.08837251508846788,1.0008444821331133
0.008,0,12,0.09281000758968806,0.09644714409851837,1.0008444821331133
0.008,0,13,0.10041416646446118,0.10452859198849937,1.0008444821331133
0.008,0,14,0.10802011311559448,0.11261686451683314,1.0008444821331133
0.008,0,15,0.11563113865352197,0.12071196744680485,1.0008444821331133
0.008,0,16,0.12325075547423912,0.12881390654656663,1.0008444821331133
0.008,0,17,0.1308828156837985,0.13692268758914175,1.0008444821331133
0.008,0,18,0.13853023822938887,0.14503831635242864,1.0008444821331133
0.008,0,19,0.1461941610929544,0.15316079861920512,1.0008444821331133
0.008,0,20,0.1538724070103005,0.16129014017713242,1.0008444821331133
0.008,0,21,0.1615597326962024,0.16942634681875934,1.0008444821331133
0.008,0,22,0.16925298965802357,0.17756942434152645,1.0008444821331133
0.008,0,23,0.17695183089837005,0.1857193785477701,1.0008444821331133
0.008,0,24,0.1846569862616044,0.1938762152447266,1.0008444821331133
0.008,0,25,0.1923607352697529,0.2020399402445364,1.0008444821331133
0.008,0,26,0.20005969512263194,0.21021055936424818,1.0008444821331133
0.008,0,27,0.20775352502515274,0.21838807842582303,1.0008444821331133
0.008,0,28,0.2154367506295777,0.2265725032561386,1.0008444821331133
0.008,0,29,0.22310749317683343,0.23476383968699316,1.0008444821331133
0.008,0,30,0.23077233664729488,0.2429620935551099,1.0008444821331133
0.008,0,31,0.2384340586833383,0.25116727070214095,1.0008444821331133
0.008,0,32,0.24608986618247242,0.2593793769746717,1.0008444821331133
0.008,0,33,0.25373590241257565,0.2675984182242249,1.0008444821331133
0.008,0,34,0.2613648369011524,0.2758244003072647,1.0008444821331133
0.008,0,35,0.2689630850518123,0.28405732908520087,1.0008444821331133
0.008,0,36,0.27652971498592216,0.2922972104243932,1.0008444821331133
0.008,0,37,0.2840666912727177,0.3005440501961555,1.0008444821331133
0.008,0,38,0.2915683060553772,0.30879785427675965,1.0008444821331133
0.008,0,39,0.2990349268386153,0.3170586285474401,1.0008444821331133
0.008,0,40,0.3064693808525317,0.3253263788943978,1.0008444821331133
0.008,1,0,0.0,0.0,0.9951293575485858
0.008,1,1,0.007999999999999997,0.008,0.9951293575485858
0.008,1,2,0.015948764726057052,0.015961034860388686,0.9951293575485858
0.008,1,3,0.02384827187900227,0.023883294366429175,0.9951293575485858
0.008,1,4,0.031699974776317766,0.03176696737900842,0.9951293575485858
0.008,1,5,0.039504974121222385,0.039612241839139535,0.9951293575485858
0.008,1,6,0.04726402578534368,0.047419304772442133,0.9951293575485858
0.008,1,7,0.0549775389588991,0.05518834229360093,0.9951293575485858
0.008,1,8,0.06264580498457788,0.06291953961080254,0.9951293575485858
0.008,1,9,0.07026907386874578,0.07061308103015074,0.9951293575485858
0.008,1,10,0.07784728509563225,0.07826914996006012,0.9951293575485858
0.008,1,11,0.08538070327540259,0.08588792891562855,0.9951293575485858
0.008,1,12,0.09286996255745153,0.09346959952298803,0.9951293575485858
0.008,1,13,0.10031459865108174,0.10101434252363467,0.9951293575485858
0.008,1,14,0.10771290682703258,0.10852233777873735,0.9951293575485858
0.008,1,15,0.11506236192460588,0.11599376427342553,0.9951293575485858
0.008,1,16,0.12236040442771295,0.12342880012105606,0.9951293575485858
0.008,1,17,0.12960471331587164,0.13082762256745933,0.9951293575485858
0.008,1,18,0.1367921913481109,0.1381904079951647,0.9951293575485858
0.008,1,19,0.14392087418197302,0.1455173319276052,0.9951293575485858
0.008,1,20,0.15098973659334092,0.15280856903330206,0.9951293575485858
0.008,1,21,0.15799659656425255,0.1600642931300286,0.9951293575485858
0.008,1,22,0.16493845905201174,0.16728467718895387,0.9951293575485858
0.008,1,23,0.1718138310811524,0.17446989333876622,0.9951293575485858
0.008,1,24,0.1786234275388334,0.18162011286977672,0.9951293575485858
0.008,1,25,0.18536660391500348,0.18873550623800256,0.9951293575485858
0.008,1,26,0.19204035463275804,0.1958162430692306,0.9951293575485858
0.008,1,27,0.19864239922852434,0.20286249216306115,0.9951293575485858
0.008,1,28,0.20516958683978476,0.20987442149693206,0.9951293575485858
0.008,1,29,0.21161537406173858,0.2168521982301231,0.9951293575485858
0.008,1,30,0.21797834373174166,0.22379598870774098,0.9951293575485858
0.008,1,31,0.2242621505731206,0.23070595846468483,0.9951293575485858
0.008,1,32,0.23046505245827867,0.23758227222959255,0.9951293575485858
0.008,1,33,0.23658189043201008,0.24442509392876766,0.9951293575485858
0.008,1,34,0.24261112242852018,0.2512345866900873,0.9951293575485858
0.008,1,35,0.248547372453692,0.25801091284689104,0.9951293575485858
0.008,1,36,0.2543817399607917,0.2647542339418508,0.9951293575485858
0.008,1,37,0.2601101778410898,0.271464710730822,0.9951293575485858
0.008,1,38,0.2657316100863505,0.2781425031866756,0.9951293575485858
0.008,1,39,0.27123828268285344,0.284787770503112,0.9951293575485858
0.008,1,40,0.2766148000624452,0.2914006710984559,0.9951293575485858
0.008,2,0,0.0,0.0,0.991499044397424
0.008,2,1,0.007999999999999997,0.008,0.991499044397424
0.008,2,2,0.015930158497937448,0.015931992355179392,0.991499044397424
0.008,2,3,0.02378793767590206,0.02379655519550743,0.991499044397424
0.008,2,4,0.031570686377505035,0.031594261736296175,0.991499044397424
0.008,2,5,0.03927572979009067,0.03932568031997975,0.991499044397424
0.008,2,6,0.046900030359480156,0.04699137445753851,0.991499044397424
0.008,2,7,0.05444053605019441,0.05459190286957095,0.991499044397424
0.008,2,8,0.06189463513338659,0.062127819527016584,0.991499044397424
0.008,2,9,0.06926046117645429,0.06959967369153255,0.991499044397424
0.008,2,10,0.0765361190165227,0.07700800995552706,0.991499044397424
0.008,2,11,0.08371978420045724,0.08435336828185239,0.991499044397424
0.008,2,12,0.09080994897108577,0.09163628404316063,0.991499044397424
0.008,2,13,0.09780523796827503,0.09885728806092467,0.991499044397424
0.008,2,14,0.10470388774836792,0.10601690664412769,0.991499044397424
0.008,2,15,0.11150439509325578,0.11311566162762351,0.991499044397424
0.008,2,16,0.11820673309224933,0.12015407041017107,0.991499044397424
0.008,2,17,0.12481217042132857,0.1271326459921454,0.991499044397424
0.008,2,18,0.13132258350059553,0.13405189701292816,0.991499044397424
0.008,2,19,0.13773868100127967,0.14091232778798018,0.991499044397424
0.008,2,20,0.14406169824953294,0.14771443834559894,0.991499044397424
0.008,2,21,0.1502948902668264,0.15445872446336356,0.991499044397424
0.008,2,22,0.15644203394510267,0.16114567770427,0.991499044397424
0.008,2,23,0.16250481943015996,0.16777578545255897,0.991499044397424
0.008,2,24,0.1684842131719171,0.17434953094923947,0.991499044397424
0.008,2,25,0.1743841870251065,0.18086739332731003,0.991499044397424
0.008,2,26,0.18020910438137944,0.18732984764668092,0.991499044397424
0.008,2,27,0.1859588440566609,0.19373736492879917,0.991499044397424
0.008,2,28,0.19163594555460248,0.2000904121909794,0.991499044397424
0.008,2,29,0.19724483306756121,0.20638945248044274,0.991499044397424
0.008,2,30,0.2027864130071916,0.21263494490806653,0.991499044397424
0.008,2,31,0.20826015682773663,0.21882734468184686,0.991499044397424
0.008,2,32,0.2136647734507172,0.2249671031400769,0.991499044397424
0.008,2,33,0.2190003636873391,0.23105466778424297,0.991499044397424
0.008,2,34,0.22426872315585472,0.23709048231164118,0.991499044397424
0.008,2,35,0.2294721807226342,0.2430749866477166,0.991499044397424
0.008,2,36,0.23461328469052975,0.2490086169781276,0.991499044397424
0.008,2,37,0.23969938572380675,0.25489180578053766,0.991499044397424
0.008,2,38,0.24473984789443962,0.2607249818561369,0.991499044397424
0.008,2,39,0.249739814482189,0.2665085703608955,0.991499044397424
0.008,2,40,0.25470150374253403,0.2722429928365515,0.991499044397424
0.008,3,0,0.0,0.0,0.9952553635302783
0.008,3,1,0.008,0.008,0.9952553635302783
0.008,3,2,0.01592504715063387,0.015962042908242227,0.9952553635302783
0.008,3,3,0.023782703036211352,0.02388630881732852,0.9952553635302783
0.008,3,4,0.03157921233005388,0.03177297696538679,0.9952553635302783
0.008,3,5,0.03931916817301365,0.039622225740125194,0.9952553635302783
0.008,3,6,0.047005608447001496,0.047434232682867054,0.9952553635302783
0.008,3,7,0.05464135062834952,0.05520917449256666,0.9952553635302783
0.008,3,8,0.06222935140724471,0.062947227029806,0.9952553635302783
0.008,3,9,0.06977327864909529,0.07064856532077254,0.9952553635302783
0.008,3,10,0.07727638802110173,0.0783133635612181,0.9952553635302783
0.008,3,11,0.08474403228831458,0.08594179512039896,0.9952553635302783
0.008,3,12,0.09218090368968108,0.09353403254499737,0.9952553635302783
0.008,3,13,0.09958745876768087,0.10109024756302423,0.9952553635302783
0.008,3,14,0.10696376577070715,0.1086106110877035,0.9952553635302783
0.008,3,15,0.1143088644391713,0.11609529322133802,0.9952553635302783
0.008,3,16,0.12162283777865447,0.12354446325915702,0.9952553635302783
0.008,3,17,0.12890708294765102,0.13095828969314544,0.9952553635302783
0.008,3,18,0.13616220915096872,0.13833694021585496,0.9952553635302783
0.008,3,19,0.14338608080165446,0.14568058172419712,0.9952553635302783
0.008,3,20,0.1505741855410075,0.15298938032321824,0.9952553635302783
0.008,3,21,0.15772237576100082,0.1602635013298566,0.9952553635302783
0.008,3,22,0.16482850310238734,0.16750310927668166,0.9952553635302783
0.008,3,23,0.17189174469636234,0.17470836791561575,0.9952553635302783
0.008,3,24,0.17891102527497768,0.18187944022163777,0.9952553635302783
0.008,3,25,0.18588700415132303,0.18901648839646962,0.9952553635302783
0.008,3,26,0.19281788196621755,0.19611967387224502,0.9952553635302783
0.008,3,27,0.19970109060309746,0.20318915731516085,0.9952553635302783
0.008,3,28,0.20654031014799193,0.21022509862911132,0.9952553635302783
0.008,3,29,0.21333785668092595,0.2172276569593048,0.9952553635302783
0.008,3,30,0.22009319904964925,0.2241969906958635,0.9952553635302783
0.008,3,31,0.2268065040672008,0.23113325747740604,0.9952553635302783
0.008,3,32,0.2334742835930377,0.23803661419461317,0.9952553635302783
0.008,3,33,0.24009686397789115,0.24490721699377635,0.9952553635302783
0.008,3,34,0.24668283871142638,0.2517452212803296,0.9952553635302783
0.008,3,35,0.25324038293340584,0.2585507817223648,0.9952553635302783
0.008,3,36,0.2597693430319255,0.2653240522541298,0.9952553635302783
0.008,3,37,0.26625964387269574,0.2720651860795105,0.9952553635302783
0.008,3,38,0.27269822962196405,0.2787743356754961,0.9952553635302783
0.008,3,39,0.2790813250432343,0.28545165279562773,0.9952553635302783
0.008,3,40,0.28541225166628714,0.29209728847343125,0.9952553635302783
0.008,4,0,0.0,0.0,1.0056786824052821
0.008,4,1,0.008000000000000002,0.008,1.0056786824052821
0.008,4,2,0.015984917262005367,0.016045429459242255,1.0056786824052821
0.008,4,3,0.023960702821780155,0.02413654635719765,1.0056786824052821
0.008,4,4,0.03193222102394083,0.032273610138320544,1.0056786824052821
0.008,4,5,0.03990503744879485,0.04045688172036796,1.0056786824052821
0.008,4,6,0.047884818746821815,0.048686623502765994,1.0056786824052821
0.008,4,7,0.055878539710945974,0.056963099375023744,1.0056786824052821
0.008,4,8,0.06389086929458615,0.06528657472519503,1.0056786824052821
0.008,4,9,0.07192605219532894,0.07365731644838813,1.0056786824052821
0.008,4,10,0.07998722301359175,0.0820755929553239,1.0056786824052821
0.008,4,11,0.0880764858375131,0.09054167418094239,1.0056786824052821
0.008,4,12,0.09619492452263999,0.0990558315930585,1.0056786824052821
0.008,4,13,0.10434742409576339,0.10761833820106659,1.0056786824052821
0.008,4,14,0.11253598097910275,0.11622946856469468,1.0056786824052821
0.008,4,15,0.12075907830835617,0.12488949880280831,1.0056786824052821
0.008,4,16,0.12901546069036637,0.13359870660226433,1.0056786824052821
0.008,4,17,0.13729668150376642,0.14235737122681508,1.0056786824052821
0.008,4,18,0.14560091908518327,0.151165773526063,1.0056786824052821
0.008,4,19,0.15392699135428398,0.16002419594446632,1.0056786824052821
0.008,4,20,0.16226331837880129,0.16893292253039557,1.0056786824052821
0.008,4,21,0.17059574489303944,0.17789223894524184,1.0056786824052821
0.008,4,22,0.17892066397530268,0.18690243247257643,1.0056786824052821
0.008,4,23,0.18723101163651948,0.1959637920273629,1.0056786824052821
0.008,4,24,0.19551337414841632,0.20507660816522105,1.0056786824052821
0.008,4,25,0.2037661001154312,0.21424117309174384,1.0056786824052821
0.008,4,26,0.21198826462946213,0.22345778067186695,1.0056786824052821
0.008,4,27,0.22019952253253927,0.23272672643929168,1.0056786824052821
0.008,4,28,0.22844362109949357,0.2420483076059614,1.0056786824052821
0.008,4,29,0.23674051032624738,0.2514228230715917,1.0056786824052821
0.008,4,30,0.2450759412706711,0.2608505734332547,1.0056786824052821
0.008,4,31,0.25344193041583285,0.2703318609950179,1.0056786824052821
0.008,4,32,0.26184154571796164,0.27986698977763746,1.0056786824052821
0.008,4,33,0.27026163526879216,0.289456265528307,1.0056786824052821
0.008,4,34,0.2786776564391441,0.29909999573046125,1.0056786824052821
0.008,4,35,0.28706927681734584,0.3087984896136358,1.0056786824052821
0.008,4,36,0.29543548322992846,0.3185520581633825,1.0056786824052821
0.008,4,37,0.30377292952356144,0.3283610141312413,1.0056786824052821
0.008,4,38,0.31207601351705555,0.338225672044769,1.0056786824052821
0.008,4,39,0.3203500615574313,0.34814634821762436,1.0056786824052821
0.008,4,40,0.32857438056096633,0.358123360759711,1.0056786824052821
0.008,5,0,0.0,0.0,1.0258158019795804
0.008,5,1,0.008,0.008,1.0258158019795804
0.008,5,2,0.016031738001628878,0.016206526415836642,1.0258158019795804
0.008,5,3,0.024121674989935858,0.02462491089256472,1.0258158019795804
0.008,5,4,0.03230192318142246,0.033260622715931984,1.0258158019795804
0.008,5,5,0.04059464959636395,0.04211927236568402,1.0258158019795804
0.008,5,6,0.049045268750849,0.05120661516060053,1.0258158019795804
0.008,5,7,0.05769900400186934,0.06052855499763118,1.0258158019795804
0.008,5,8,0.06656748870728524,0.07009114818756017,1.0258158019795804
0.008,5,9,0.07566053853791131,0.07990060738969165,1.0258158019795804
0.008,5,10,0.0849955914856732,0.08996330564811214,1.0258158019795804
0.008,5,11,0.09453399060092735,0.10028578053215229,1.0258158019795804
0.008,5,12,0.10423383243094451,0.11087473838373799,1.0258158019795804
0.008,5,13,0.11406369324564407,0.12173705867439036,1.0258158019795804
0.008,5,14,0.123923051722872,0.132879798474705,1.0258158019795804
0.008,5,15,0.13378875821344602,0.14431019703921455,1.0258158019795804
0.008,5,16,0.14353235750556248,0.15603568050961317,1.0258158019795804
0.008,5,17,0.1531406404136024,0.16806386673939844,1.0258158019795804
0.008,5,18,0.16253425842699049,0.18040257024306536,1.0258158019795804
0.008,5,19,0.17172198690996718,0.19305980727306768,1.0258158019795804
0.008,5,20,0.18063858881577882,0.20604380102784517,1.0258158019795804
0.008,5,21,0.18925899543407212,0.2193629869943001,1.0258158019795804
0.008,5,22,0.19754400254870658,0.23302601842819423,1.0258158019795804
0.008,5,23,0.20541455612649337,0.24704177197602656,1.0258158019795804
0.008,5,24,0.2128075645806836,0.2614193534420443,1.0258158019795804
0.008,5,25,0.21959603815410023,0.2761681037041341,1.0258158019795804
0.008,5,26,0.22552097020042705,0.29129760478243627,1.0258158019795804
0.008,5,27,0.23010703487339476,0.3068176860646257,1.0258158019795804
0.008,5,28,0.23270328405135873,0.32273843069190317,1.0258158019795804
0.008,5,29,0.2327596727033604,0.3390701821098459,1.0258158019795804
0.008,5,30,0.2302259069550022,0.35582355078837397,1.0258158019795804
0.008,5,31,0.22571205412730158,0.3730094211151978,1.0258158019795804
0.008,5,32,0.22027382542340743,0.3906389584672257,1.0258158019795804
0.008,5,33,0.21499235577354225,0.40872361646452515,1.0258158019795804
0.008,5,34,0.21066253184641603,0.42727514441155134,1.0258158019795804
0.008,5,35,0.20768972648727088,0.4463055949304766,1.0258158019795804
0.008,5,36,0.206128204041283,0.46582733179158065,1.0258158019795804
0.008,5,37,0.20581452520593677,0.48585303794578844,1.0258158019795804
0.008,5,38,0.2064959655526454,0.5063957237645744,1.0258158019795804
0.008,5,39,0.2079210236260465,0.527468735492587,1.0258158019795804
0.008,5,40,0.2098792019828055,0.5490857639184833,1.0258158019795804
0.008,6,0,0.0,0.0,1.0155735010205817
0.008,6,1,0.008,0.008,1.0155735010205817
0.008,6,2,0.0159857083622109,0.016124588008164655,1.0155735010205817
0.008,6,3,0.02397640393250271,0.024375704295966267,1.0155735010205817
0.008,6,4,0.03199058598852905,0.0327553193516969,1.0155735010205817
0.008,6,5,0.04004601767658974,0.04126543435105003,1.0155735010205817
0.008,6,6,0.04815997425969715,0.04990808163503086,1.0155735010205817
0.008,6,7,0.056348526060825,0.05868532519530929,1.0155735010205817
0.008,6,8,0.06462703390392924,0.06759926116713161,1.0155735010205817
0.008,6,9,0.07301155881009314,0.0766520183299085,1.0155735010205817
0.008,6,10,0.08151425188441143,0.08584575861559898,1.0155735010205817
0.008,6,11,0.0901450140984322,0.09518267762501162,1.0155735010205817
0.008,6,12,0.0989110720081018,0.10466500515214644,1.0155735010205817
0.008,6,13,0.10780729352483236,0.11429500571670259,1.0155735010205817
0.008,6,14,0.1168181017618527,0.12407497910487905,1.0155735010205817
0.008,6,15,0.12592517871909714,0.13400726091859755,1.0155735010205817
0.008,6,16,0.13509925972521736,0.1440942231332787,1.0155735010205817
0.008,6,17,0.14428974929818494,0.15433827466430475,1.0155735010205817
0.008,6,18,0.15343045786468262,0.16474186194230414,1.0155735010205817
0.008,6,19,0.16243528223788647,0.17530746949739515,1.0155735010205817
0.008,6,20,0.17120776961856043,0.18603762055252845,1.0155735010205817
0.008,6,21,0.17963738613632727,0.19693487762606987,1.0155735010205817
0.008,6,22,0.18755695790824392,0.20800184314376763,1.0155735010205817
0.008,6,23,0.19471236843892126,0.21924116006025,1.0155735010205817
0.008,6,24,0.20071080017462264,0.23065551249020183,1.0155735010205817
0.008,6,25,0.20495460253647066,0.2422476263493708,1.0155735010205817
0.008,6,26,0.20675354977035287,0.2540202700055562,1.0155735010205817
0.008,6,27,0.2056939517343229,0.2659762549397362,1.0155735010205817
0.008,6,28,0.20207396561025784,0.2781184364174907,1.0155735010205817
0.008,6,29,0.19696983462904258,0.29044971417088106,1.0155735010205817
0.008,6,30,0.19177587883797628,0.302973033090949,1.0155735010205817
0.008,6,31,0.18761537912315202,0.3156913839309996,1.0155735010205817
0.008,6,32,0.18503127061956195,0.3286078040208379,1.0155735010205817
0.008,6,33,0.18404675076184934,0.34172537799212754,1.0155735010205817
0.008,6,34,0.18440060909772357,0.35504723851504666,1.0155735010205817
0.008,6,35,0.18575651671289126,0.3685765670464155,1.0155735010205817
0.008,6,36,0.18781379410897583,0.38231659458947537,1.0155735010205817
0.008,6,37,0.19034215392257617,0.3962706024654999,1.0155735010205817
0.008,6,38,0.19317984342205377,0.4104419230974229,1.0155735010205817
0.008,6,39,0.1962137436936216,0.42483394080567016,1.0155735010205817
0.008,6,40,0.19936362788905973,0.439450092616385,1.0155735010205817
0.008,7,0,0.0,0.0,1.0007461671562194
0.008,7,1,0.008,0.008,1.0007461671562194
0.008,7,2,0.015928131882159902,0.016005969337249758,1.0007461671562194
0.008,7,3,0.023797068619226813,0.02401791246587267,1.0007461671562194
0.008,7,4,0.031617282646445304,0.03203583384331565,1.0007461671562194
0.008,7,5,0.03939852951975918,0.04005973793035164,1.0007461671562194
0.008,7,6,0.04714977834596549,0.04808962919108203,1.0007461671562194
0.008,7,7,0.0548783053568336,0.056125512092939187,1.0007461671562194
0.008,7,8,0.0625912503092969,0.06416739110668893,1.0007461671562194
0.008,7,9,0.07029438930830019,0.07221527070643302,1.0007461671562194
0.008,7,10,0.07799285555973239,0.08026915536961166,1.0007461671562194
0.008,7,11,0.08569119456686405,0.08832904957700594,1.0007461671562194
0.008,7,12,0.09339518982527835,0.09639495781274038,1.0007461671562194
0.008,7,13,0.10110811525705271,0.1044668845642854,1.0007461671562194
0.008,7,14,0.10883283880723088,0.11254483432245985,1.0007461671562194
0.008,7,15,0.11656871067052892,0.12062881158143343,1.0007461671562194
0.008,7,16,0.12431721704843099,0.1287188208387293,1.0007461671562194
0.008,7,17,0.13207464164981497,0.13681486659522646,1.0007461671562194
0.008,7,18,0.13984140401169237,0.14491695335516236,1.0007461671562194
0.008,7,19,0.1476157741436784,0.15302508562613537,1.0007461671562194
0.008,7,20,0.15539826851976643,0.16113926791910727,1.0007461671562194
0.008,7,21,0.16318708007531504,0.16925950474840576,1.0007461671562194
0.008,7,22,0.17098305223235782,0.177385800631727,1.0007461671562194
0.008,7,23,0.17878720010625818,0.18551816009013808,1.0007461671562194
0.008,7,24,0.18659471481516735,0.1936565876480796,1.0007461671562194
0.008,7,25,0.19440215057232185,0.20180108783336814,1.0007461671562194
0.008,7,26,0.20220518384835703,0.20995166517719877,1.0007461671562194
0.008,7,27,0.21000065963338663,0.21810832421414758,1.0007461671562194
0.008,7,28,0.21778934346460632,0.22627106948217424,1.0007461671562194
0.008,7,29,0.22557166144814844,0.2344399055226245,1.0007461671562194
0.008,7,30,0.23334106965033685,0.2426148368802327,1.0007461671562194
0.008,7,31,0.2410914090564299,0.25079586810312426,1.0007461671562194
0.008,7,32,0.24882058385446731,0.25898300374281835,1.0007461671562194
0.008,7,33,0.2565255288621517,0.2671762483542303,1.0007461671562194
0.008,7,34,0.2642008758271318,0.27537560649567416,1.0007461671562194
0.008,7,35,0.27184285730014707,0.28358108272886523,1.0007461671562194
0.008,7,36,0.2794500330828888,0.2917926816189227,1.0007461671562194
0.008,7,37,0.28702696082486884,0.30001040773437193,1.0007461671562194
0.008,7,38,0.29457948412527357,0.30823426564714734,1.0007461671562194
0.008,7,39,0.30210796003812757,0.3164642599325947,1.0007461671562194
0.008,7,40,0.30960757557012475,0.3247003951694737,1.0007461671562194
0.008,8,0,0.0,0.0,1.0037121180027393
0.008,8,1,0.007999999999999998,0.008,1.0037121180027393
0.008,8,2,0.016001163389939597,0.016029696944021912,1.0037121180027393
0.008,8,3,0.02400834467056246,0.02408920107062627,1.0037121180027393
0.008,8,4,0.032024929183280385,0.03217862302759215,1.0037121180027393
0.008,8,5,0.04005437430950503,0.04029807387343624,1.0037121180027393
0.008,8,6,0.048099328429298295,0.04844766507893754,1.0037121180027393
0.008,8,7,0.05616109238152436,0.05662750852866775,1.0037121180027393
0.008,8,8,0.0642396175745256,0.06483771652252729,1.0037121180027393
0.008,8,9,0.07233493863156149,0.07307840177728708,1.0037121180027393
0.008,8,10,0.08044543776122672,0.08134967742813595,1.0037121180027393
0.008,8,11,0.08856794253015561,0.08965165703023398,1.0037121180027393
0.008,8,12,0.09669801717412246,0.09798445456027133,1.0037121180027393
0.008,8,13,0.1048316983569434,0.10634818441803309,1.0037121180027393
0.008,8,14,0.1129671148668543,0.11474296142796991,1.0037121180027393
0.008,8,15,0.12110320304798422,0.12316890084077431,1.0037121180027393
0.008,8,16,0.12923116016890707,0.13162611833496296,1.0037121180027393
0.008,8,17,0.137347744097142,0.1401147300184649,1.0037121180027393
0.008,8,18,0.14544965018925632,0.1486348524302154,1.0037121180027393
0.008,8,19,0.15353734406876096,0.15718660254175612,1.0037121180027393
0.008,8,20,0.1616105694358085,0.1657700977588408,1.0037121180027393
0.008,8,21,0.16966877083329393,0.17438545592304724,1.0037121180027393
0.008,8,22,0.17771450679689976,0.18303279531339509,1.0037121180027393
0.008,8,23,0.18575518682505407,0.19171223464796963,1.0037121180027393
0.008,8,24,0.19378893474724646,0.20042389308555175,1.0037121180027393
0.008,8,25,0.20181621108043157,0.20916789022725374,1.0037121180027393
0.008,8,26,0.20983821299882344,0.21794434611816133,1.0037121180027393
0.008,8,27,0.21785499216133716,0.2267533812489818,1.0037121180027393
0.008,8,28,0.22586081462988475,0.23559511655769816,1.0037121180027393
0.008,8,29,0.23385282048053033,0.24446967343122947,1.0037121180027393
0.008,8,30,0.24182916604824445,0.25337717370709734,1.0037121180027393
0.008,8,31,0.24978180621720045,0.26231773967509864,1.0037121180027393
0.008,8,32,0.25770551576032985,0.27129149407898445,1.0037121180027393
0.008,8,33,0.2655969488549182,0.2802985601181451,1.0037121180027393
0.008,8,34,0.2734501447747805,0.28933906144930155,1.0037121180027393
0.008,8,35,0.28125384487693456,0.2984131221882032,1.0037121180027393
0.008,8,36,0.2890001778259596,0.3075208669113317,1.0037121180027393
0.008,8,37,0.2966865232174147,0.31666242065761124,1.0037121180027393
0.008,8,38,0.304306940310863,0.3258379089301254,1.0037121180027393
0.008,8,39,0.31185376730779363,0.33504745769783983,1.0037121180027393
0.008,8,40,0.3193233660894049,0.34429119339733205,1.0037121180027393
0.008,9,0,0.0,0.0,0.9901565960879741
0.008,9,1,0.007999999999999998,0.008,0.9901565960879741
0.008,9,2,0.015881420603505336,0.015921252768703792,0.9901565960879741
0.008,9,3,0.02365154138835677,0.02376453344691598,0.9901565960879741
0.008,9,4,0.03131569746602384,0.03153060954541714,0.9901565960879741
0.008,9,5,0.03887793089467284,0.03922024102006923,0.9901565960879741
0.008,9,6,0.04634175738403172,0.046834180346181684,0.9901565960879741
0.008,9,7,0.0537102688106497,0.05437317259214555,0.9901565960879741
0.008,9,8,0.06098613892995172,0.06183795549234277,0.9901565960879741
0.008,9,9,0.06817188439916765,0.06922925951933775,0.9901565960879741
0.008,9,10,0.07527041734267564,0.07654780795535845,0.9901565960879741
0.008,9,11,0.0822851144565065,0.08379431696307368,0.9901565960879741
0.008,9,12,0.08921931781080701,0.09096949565567383,0.9901565960879741
0.008,9,13,0.0960770793584893,0.09807404616626175,0.9901565960879741
0.008,9,14,0.10286183692609287,0.10510866371656055,0.9901565960879741
0.008,9,15,0.10957646148876622,0.11207403668494514,0.9901565960879741
0.008,9,16,0.11622347994979614,0.11897084667380403,0.9901565960879741
0.008,9,17,0.12280541963662911,0.1257997685762381,0.9901565960879741
0.008,9,18,0.129324816050884,0.1325614706421028,0.9901565960879741
0.008,9,19,0.13578431209347935,0.13925661454340044,0.9901565960879741
0.008,9,20,0.1421864864934162,0.14588585543902846,0.9901565960879741
0.008,9,21,0.1485337282779509,0.1524498420388907,0.9901565960879741
0.008,9,22,0.15482816927783982,0.15894921666737735,0.9901565960879741
0.008,9,23,0.16107164403987131,0.16538461532622026,0.9901565960879741
0.008,9,24,0.16726554670530824,0.17175666775672926,0.9901565960879741
0.008,9,25,0.17341103308585698,0.17806599750141616,0.9901565960879741
0.008,9,26,0.1795085948710872,0.18431322196501193,0.9901565960879741
0.008,9,27,0.18555880331502878,0.19049895247488344,0.9901565960879741
0.008,9,28,0.19156239105306502,0.19662379434085533,0.9901565960879741
0.008,9,29,0.19751950264736906,0.2026883469144432,0.9901565960879741
0.008,9,30,0.20342908144719707,0.20869320364750352,0.9901565960879741
0.008,9,31,0.20928988075499588,0.21463895215030648,0.9901565960879741
0.008,9,32,0.21510016496059647,0.22052617424903703,0.9901565960879741
0.008,9,33,0.22085837252399332,0.22635544604272997,0.9901565960879741
0.008,9,34,0.22656301815475058,0.2321273379596446,0.9901565960879741
0.008,9,35,0.23221218692401552,0.2378424148130845,0.9901565960879741
0.008,9,36,0.23780599718474943,0.2435012358566677,0.9901565960879741
0.008,9,37,0.24334405196410314,0.24910435483905305,0.9901565960879741
0.008,9,38,0.2488268602645461,0.2546523200581276,0.9901565960879741
0.008,9,39,0.25425552852202393,0.26014567441466097,0.9901565960879741
0.008,9,40,0.25962483988595825,0.2655849554654311,0.9901565960879741
0.016,0,0,0.0,0.0,1.000306387401076
0.016,0,1,0.016,0.016,1.000306387401076
0.016,0,2,0.03184541339164667,0.032004902198417215,1.000306387401076
0.016,0,3,0.047556366327926355,0.04801470809722348,1.000306387401076
0.016,0,4,0.0631518459621167,0.06402941919885081,1.000306387401076
0.016,0,5,0.07864939769469685,0.08004903700619156,1.000306387401076
0.016,0,6,0.09406659915187576,0.09607356302259853,1.000306387401076
0.016,0,7,0.10941965204722674,0.11210299875188515,1.000306387401076
0.016,0,8,0.12472249829238403,0.12813734569832558,1.000306387401076
0.016,0,9,0.13998729459973394,0.1441766053666549,1.000306387401076
0.016,0,10,0.15522548254887553,0.16022077926206912,1.000306387401076
0.016,0,11,0.17044735729240346,0.1762698688902256,1.000306387401076
0.016,0,12,0.1856611403002914,0.1923238757572429,1.000306387401076
0.016,0,13,0.20087373179183396,0.20838280136970105,1.000306387401076
0.016,0,14,0.21608853080360646,0.22444664723464164,1.000306387401076
0.016,0,15,0.231311506668286,0.24051541485956807,1.000306387401076
0.016,0,16,0.2465486774622856,0.2565891057524456,1.000306387401076
0.016,0,17,0.26180464717246443,0.27266772142170154,1.000306387401076
0.016,0,18,0.27708547971417824,0.28875126337622525,1.000306387401076
0.016,0,19,0.2923905955177741,0.30483973312536855,1.000306387401076
0.016,0,20,0.3077112800691187,0.32093313217894553,1.000306387401076
0.016,0,21,0.32303766689739627,0.33703146204723305,1.000306387401076
0.016,0,22,0.3383612035391403,0.3531347242409706,1.000306387401076
0.016,0,23,0.35368029482670554,0.36924292027136046,1.000306387401076
0.016,0,24,0.3689971118959444,0.38535605165006814,1.000306387401076
0.016,0,25,0.3843049138468013,0.40147411988922216,1.000306387401076
0.016,0,26,0.39959547060009165,0.41759712650141434,1.000306387401076
0.016,0,27,0.4148618755629035,0.4337250729996999,1.000306387401076
0.016,0,28,0.43008967499310335,0.44985796089759783,1.000306387401076
0.016,0,29,0.44527013361603657,0.4659957917090906,1.000306387401076
0.016,0,30,0.46040759692301864,0.4821385669486247,1.000306387401076
0.016,0,31,0.4755024747292648,0.49828628813111064,1.000306387401076
0.016,0,32,0.49054605265048773,0.514438956771923,1.000306387401076
0.016,0,33,0.5055273419376759,0.5305965743869006,1.000306387401076
0.016,0,34,0.520426727319732,0.5467591424923468,1.000306387401076
0.016,0,35,0.5352184827766503,0.5629266626050297,1.000306387401076
0.016,0,36,0.5498968673114103,0.5790991362421817,1.000306387401076
0.016,0,37,0.5644634916048838,0.5952765649215003,1.000306387401076
0.016,0,38,0.5789026140502207,0.611458950161148,1.000306387401076
0.016,0,39,0.5932098650434591,0.6276462934797526,1.000306387401076
0.016,0,40,0.607382142067593,0.643838596396407,1.000306387401076
0.016,1,0,0.0,0.0,0.9948272939266583
0.016,1,1,0.016,0.016,0.9948272939266583
0.016,1,2,0.03189704836158552,0.031917236702826535,0.9948272939266583
0.016,1,3,0.047694170679580254,0.04775213821868954,0.9948272939266583
0.016,1,4,0.06339337692465456,0.06350513044331066,0.9948272939266583
0.016,1,5,0.07899583408395636,0.07917663706937819,0.9948272939266583
0.016,1,6,0.09450194990932187,0.09476707959794264,0.9948272939266583
0.016,1,7,0.10991129255817106,0.1102768773497535,0.9948272939266583
0.016,1,8,0.12522301008262338,0.12570644747653725,0.9948272939266583
0.016,1,9,0.14043594257362493,0.14105620497221716,0.9948272939266583
0.016,1,10,0.15554801380482067,0.15632656268407485,0.9948272939266583
0.016,1,11,0.17055750470938266,0.1715179313238543,0.9948272939266583
0.016,1,12,0.1854631629918913,0.18663071947880838,0.9948272939266583
0.016,1,13,0.20026100914077863,0.20166533362268824,0.9948272939266583
0.016,1,14,0.21494389040425196,0.21662217812667567,0.9948272939266583
0.016,1,15,0.22950256534467206,0.2315016552702593,0.9948272939266583
0.016,1,16,0.24392699823401148,0.24630416525205417,0.9948272939266583
0.016,1,17,0.25820689299544836,0.2610301062005655,0.9948272939266583
0.016,1,18,0.27232970932285927,0.2756798741848968,0.9948272939266583
0.016,1,19,0.2862848475617832,0.29025386322540253,0.9948272939266583
0.016,1,20,0.300063427213104,0.3047524653042856,0.9948272939266583
0.016,1,21,0.31365404117586426,0.31917607037614026,0.9948272939266583
0.016,1,22,0.32704356830016446,0.33352506637844026,0.9948272939266583
0.016,1,23,0.34022246639418763,0.34779983924197283,0.9948272939266583
0.016,1,24,0.3531864474674927,0.3620007729012186,0.9948272939266583
0.016,1,25,0.3659290415158529,0.3761282493046781,0.9948272939266583
0.016,1,26,0.3784395174939164,0.3901826484251444,0.9948272939266583
0.016,1,27,0.39070900747897946,0.4041643482699231,0.9948272939266583
0.016,1,28,0.40272723830940677,0.4180737248909991,0.9948272939266583
0.016,1,29,0.41447761793977045,0.4319111523951508,0.9948272939266583
0.016,1,30,0.42595412508768815,0.4456770029540124,0.9948272939266583
0.016,1,31,0.4371608475617869,0.45937164681408343,0.9948272939266583
0.016,1,32,0.44809108329011277,0.4729954523066872,0.9948272939266583
0.016,1,33,0.4587311012629638,0.4865487858578774,0.9948272939266583
0.016,1,34,0.4690736760301296,0.5000320119982933,0.9948272939266583
0.016,1,35,0.4791035563859797,0.5134454933729644,0.9948272939266583
0.016,1,36,0.48879848205844195,0.5267895907510641,0.9948272939266583
0.016,1,37,0.4981456284017139,0.5400646630356128,0.9948272939266583
0.016,1,38,0.507138032600117,0.5532710672731312,0.9948272939266583
0.016,1,39,0.5157563957852525,0.5664091586632433,0.9948272939266583
0.016,1,40,0.5239684502670651,0.5794792905682296,0.9948272939266583
0.016,2,0,0.0,0.0,0.9915018039685578
0.016,2,1,0.015999999999999997,0.016,0.9915018039685578
0.016,2,2,0.03186033041245878,0.03186402886349693,0.9915018039685578
0.016,2,3,0.04757589835679492,0.0475932420998634,0.9915018039685578
0.016,2,4,0.06314170899409766,0.06318878539872688,0.9915018039685578
0.016,2,5,0.07855215482419224,0.07865179471341976,0.9915018039685578
0.016,2,6,0.09380075733727647,0.09398339634372037,0.9915018039685578
0.016,2,7,0.10888113347336996,0.10918470701789071,0.9915018039685578
0.016,2,8,0.12378744374957372,0.12425683397401709,0.9915018039685578
0.016,2,9,0.13851507834007584,0.13920087504065953,0.9915018039685578
0.016,2,10,0.15305949884113015,0.1540179187168157,0.9915018039685578
0.016,2,11,0.16741580595135264,0.16870904425120548,0.9915018039685578
0.016,2,12,0.18157931845778164,0.18327532172088146,0.9915018039685578
0.016,2,13,0.1955418337751664,0.19771781210917178,0.9915018039685578
0.016,2,14,0.20929431514197414,0.2120375673829602,0.9915018039685578
0.016,2,15,0.2228281564899072,0.22623563056930968,0.9915018039685578
0.016,2,16,0.23613801811102916,0.24031303583143476,0.9915018039685578
0.016,2,17,0.2492216759245082,0.2542708085440282,0.9915018039685578
0.016,2,18,0.26207867865440937,0.2681099653679478,0.9915018039685578
0.016,2,19,0.2747065472977804,0.2818315143242678,0.9915018039685578
0.016,2,20,0.28710456804701695,0.295436454867702,0.9915018039685578
0.016,2,21,0.29927920105735517,0.30892577795940196,0.9915018039685578
0.016,2,22,0.3112389328930796,0.3223004661391372,0.9915018039685578
0.016,2,23,0.3229885802943385,0.33556149359686166,0.9915018039685578
0.016,2,24,0.33453212880074046,0.348709826243672,0.9915018039685578
0.016,2,25,0.3458796133286957,0.36174642178216315,0.9915018039685578
0.016,2,26,0.35704153171892944,0.3746722297761856,0.9915018039685578
0.016,2,27,0.36802012031636727,0.38748819172001003,0.9915018039685578
0.016,2,28,0.3788223793392808,0.40019524110690435,0.9915018039685578
0.016,2,29,0.38945774506149916,0.41279430349712765,0.9915018039685578
0.016,2,30,0.39992901711992923,0.42528629658534645,0.9915018039685578
0.016,2,31,0.4102364827977223,0.43767213026747814,0.9915018039685578
0.016,2,32,0.4203797064398574,0.44995270670696624,0.9915018039685578
0.016,2,33,0.43036122257100956,0.4621289204004924,0.9915018039685578
0.016,2,34,0.44018691363542534,0.4742016582431303,0.9915018039685578
0.016,2,35,0.44986461645545056,0.48617179959294526,0.9915018039685578
0.016,2,36,0.4594044811752509,0.4980402163350454,0.9915018039685578
0.016,2,37,0.46882333000967114,0.5098077729450883,0.9915018039685578
0.016,2,38,0.47813765306688333,0.5214753265522479,0.9915018039685578
0.016,2,39,0.4873569712090316,0.5330437270016466,0.9915018039685578
0.016,2,40,0.4964866504180909,0.5445138169162561,0.9915018039685578
0.016,3,0,0.0,0.0,0.9948061301303649
0.016,3,1,0.016,0.016,0.9948061301303649
0.016,3,2,0.031849800916326776,0.03191689808208584,0.9948061301303649
0.016,3,3,0.0475638727800471,0.04775112586680508,0.9948061301303649
0.016,3,4,0.06315510261086674,0.06350311273292433,0.9948061301303649
0.016,3,5,0.07863352369659682,0.07917328582907275,0.9948061301303649
0.016,3,6,0.0940095344019434,0.09476207008532513,0.9948061301303649
0.016,3,7,0.10928874105793891,0.11026988822472471,0.9948061301303649
0.016,3,8,0.12447420117189673,0.1256971607747463,0.9948061301303649
0.016,3,9,0.13957084851754525,0.14104430607869967,0.9948061301303649
0.016,3,10,0.1545815626985059,0.1563117403070739,0.9948061301303649
0.016,3,11,0.16951115147432486,0.17149987746882278,0.9948061301303649
0.016,3,12,0.18436361215681063,0.18660912942259134,0.9948061301303649
0.016,3,13,0.19913832096203574,0.2016399058878845,0.9948061301303649
0.016,3,14,0.21383397264523565,0.21659261445617733,0.9948061301303649
0.016,3,15,0.2284487334902129,0.23146766060196788,0.9948061301303649
0.016,3,16,0.24298277540527016,0.2462654476937724,0.9948061301303649
0.016,3,17,0.2574358504792584,0.2609863770050635,0.9948061301303649
0.016,3,18,0.2718045024942657,0.2756308477251517,0.9948061301303649
0.016,3,19,0.28607955006416513,0.29019925697001003,0.9948061301303649
0.016,3,20,0.3002500565938966,0.304691999793043,0.9948061301303649
0.016,3,21,0.31430726637507683,0.3191094691957991,0.9948061301303649
0.016,3,22,0.32824617624625674,0.3334520561386278,0.9948061301303649
0.016,3,23,0.3420622360617438,0.3477201495512815,0.9948061301303649
0.016,3,24,0.3557500307559362,0.3619141363434621,0.9948061301303649
0.016,3,25,0.36930787824884204,0.3760344014153128,0.9948061301303649
0.016,3,26,0.38272858417744476,0.3900813276678555,0.9948061301303649
0.016,3,27,0.39600338059260975,0.4040552960133742,0.9948061301303649
0.016,3,28,0.4091374316453156,0.4179566853857439,0.9948061301303649
0.016,3,29,0.42213263546916346,0.4317858727507063,0.9948061301303649
0.016,3,30,0.43498471122931437,0.44554323311609234,0.9948061301303649
0.016,3,31,0.44769116835241113,0.45922913954199085,0.9948061301303649
0.016,3,32,0.4602418515905788,0.47284396315086524,0.9948061301303649
0.016,3,33,0.4726354169230879,0.4863880731376171,0.9948061301303649
0.016,3,34,0.48488776775157927,0.4998618367795978,0.9948061301303649
0.016,3,35,0.49701271253408663,0.5132656194465678,0.9948061301303649
0.016,3,36,0.5090066107206114,0.5265997846106046,0.9948061301303649
0.016,3,37,0.5208472367327794,0.5398646938559593,0.9948061301303649
0.016,3,38,0.532508593425652,0.553060706888861,0.9948061301303649
0.016,3,39,0.5439827000358475,0.5661881815472719,0.9948061301303649
0.016,3,40,0.5552727379596407,0.57924747381059,0.9948061301303649
0.016,4,0,0.0,0.0,1.0046707325129427
0.016,4,1,0.015999999999999997,0.016,1.0046707325129427
0.016,4,2,0.0319706378458149,0.032074731720207084,1.0046707325129427
0.016,4,3,0.04792458281180428,0.04822454421249657,1.0046707325129427
0.016,4,4,0.06387694106391019,0.06444978815907172,1.0046707325129427
0.016,4,5,0.07983800485606642,0.08075081588007857,1.0046707325129427
0.016,4,6,0.09581472474827243,0.0971279813412563,1.0046707325129427
0.016,4,7,0.11181478471802679,0.1135816401616234,1.0046707325129427
0.016,4,8,0.12784606890479802,0.13011214962119966,1.0046707325129427
0.016,4,9,0.14391487190753613,0.14671986866876424,1.0046707325129427
0.016,4,10,0.16002570890529472,0.1634051579296501,1.0046707325129427
0.016,4,11,0.17618181696749205,0.18016837971357463,1.0046707325129427
0.016,4,12,0.19238482974857812,0.197009898022507,1.0046707325129427
0.016,4,13,0.20864021746428787,0.21393007855857227,1.0046707325129427
0.016,4,14,0.2249493120763611,0.2309292887319922,1.0046707325129427
0.016,4,15,0.24130852465743774,0.24800789766906345,1.0046707325129427
0.016,4,16,0.257714172150773,0.2651662762201729,1.0046707325129427
0.016,4,17,0.274149053350947,0.2824047969678504,1.0046707325129427
0.016,4,18,0.29060430341215615,0.29972383423485915,1.0046707325129427
0.016,4,19,0.30707972338352973,0.3171237640923238,1.0046707325129427
0.016,4,20,0.3235516515350033,0.3346049643678966,1.0046707325129427
0.016,4,21,0.3400040880792699,0.3521678146539618,1.0046707325129427
0.016,4,22,0.3564285259891067,0.36981269631587804,1.0046707325129427
0.016,4,23,0.37281633954834775,0.3875399925002596,1.0046707325129427
0.016,4,24,0.3891533247834806,0.40535008814329615,1.0046707325129427
0.016,4,25,0.40544122702993196,0.4232433699791113,1.0046707325129427
0.016,4,26,0.4216749530744433,0.4412202265481602,1.0046707325129427
0.016,4,27,0.4378728668769932,0.4592810482056666,1.0046707325129427
0.016,4,28,0.45409035835167316,0.47742622713009925,1.0046707325129427
0.016,4,29,0.47035364760649456,0.4956561573316874,1.0046707325129427
0.016,4,30,0.4866398880979718,0.5139712346609767,1.0046707325129427
0.016,4,31,0.5029325695535365,0.532371856817425,1.0046707325129427
0.016,4,32,0.5192316009830144,0.5508584233580379,1.0046707325129427
0.016,4,33,0.5355146963726747,0.5694313357060447,1.0046707325129427
0.016,4,34,0.5517430757006989,0.5880909971596153,1.0046707325129427
0.016,4,35,0.5678807745250447,0.6068378129006177,1.0046707325129427
0.016,4,36,0.5839186863984251,0.6256721900034157,1.0046707325129427
0.016,4,37,0.5998499577370906,0.6445945374437086,1.0046707325129427
0.016,4,38,0.615661649979309,0.6636052661074122,1.0046707325129427
0.016,4,39,0.6313501074923817,0.6827047887995801,1.0046707325129427
0.016,4,40,0.6468828729132224,0.7018935202533679,1.0046707325129427
0.016,5,0,0.0,0.0,1.0251400463275488
0.016,5,1,0.015999999999999997,0.016,1.0251400463275488
0.016,5,2,0.03206334387752347,0.03240224074124078,1.0251400463275488
0.016,5,3,0.048246044469166575,0.049216834574591965,1.0251400463275488
0.016,5,4,0.06460113900371088,0.0664541480758925,1.0251400463275488
0.016,5,5,0.08119959103270193,0.08412480843717823,1.0251400463275488
0.016,5,6,0.09810976706207368,0.10223971001858506,1.0251400463275488
0.016,5,7,0.11542127827244125,0.12081002106496745,1.0251400463275488
0.016,5,8,0.13316904422619444,0.1398471905913729,1.0251400463275488
0.016,5,9,0.15135421426414605,0.15936295544161755,1.0251400463275488
0.016,5,10,0.16999148704530917,0.17936934752431494,1.0251400463275488
0.016,5,11,0.18898639465101016,0.1998787012308184,1.0251400463275488
0.016,5,12,0.20822937614590456,0.22090366103965148,1.0251400463275488
0.016,5,13,0.22760498301193352,0.24245718931211346,1.0251400463275488
0.016,5,14,0.24690923585910662,0.2645525742838673,1.0251400463275488
0.016,5,15,0.26602272677030925,0.28720343825743605,1.0251400463275488
0.016,5,16,0.2847153435699696,0.3104237460006593,1.0251400463275488
0.016,5,17,0.3028983254623152,0.33422781335628715,1.0251400463275488
0.016,5,18,0.32044572290453127,0.3586303160680196,1.0251400463275488
0.016,5,19,0.3373367993189412,0.3836462988284331,1.0251400463275488
0.016,5,20,0.3534586544751077,0.4092911845543726,1.0251400463275488
0.016,5,21,0.3687299566665881,0.43558078389552685,1.0251400463275488
0.016,5,22,0.38298203389610297,0.4625313049820505,1.0251400463275488
0.016,5,23,0.39578852035229256,0.49015936341724087,1.0251400463275488
0.016,5,24,0.4063860205011849,0.5184819925214321,1.0251400463275488
0.016,5,25,0.41363581388385484,0.5475166538334207,1.0251400463275488
0.016,5,26,0.41661113484665263,0.5772812478758975,1.0251400463275488
0.016,5,27,0.4153763424959256,0.6077941251915228,1.0251400463275488
0.016,5,28,0.41101465112244845,0.6390740976564497,1.0251400463275488
0.016,5,29,0.4049579135253456,0.6711404500782694,1.0251400463275488
0.016,5,30,0.39847741266211906,0.704012952085529,1.0251400463275488
0.016,5,31,0.39252247068151913,0.7377118703161537,1.0251400463275488
0.016,5,32,0.38774652575383156,0.7722579809122845,1.0251400463275488
0.016,5,33,0.3845249764471449,0.8076725823292387,1.0251400463275488
0.016,5,34,0.3829856703600436,0.8439775084664868,1.0251400463275488
0.016,5,35,0.3830634808153559,0.8811951421287435,1.0251400463275488
0.016,5,36,0.3845486361587232,0.9193484288254711,1.0251400463275488
0.016,5,37,0.3871653166107143,0.9584608909173027,1.0251400463275488
0.016,5,38,0.39063014216708686,0.9985566421181075,1.0251400463275488
0.016,5,39,0.39469624516131824,1.0396604023616383,1.0251400463275488
0.016,5,40,0.3991669598256269,1.081797513041928,1.0251400463275488
0.016,6,0,0.0,0.0,1.013879786038067
0.016,6,1,0.016,0.016,1.013879786038067
0.016,6,2,0.03197092469333334,0.032222076576609075,1.013879786038067
0.016,6,3,0.04795034141264432,0.04866931210519462,1.013879786038067
0.016,6,4,0.06397409563245014,0.06534483174383462,1.013879786038067
0.016,6,5,0.08007621586013973,0.08225180402713254,1.013879786038067
0.016,6,6,0.09628925670923595,0.09939344146827417,1.013879786038067
0.016,6,7,0.11264261172877268,0.11677300116944096,1.013879786038067
0.016,6,8,0.12916335107888058,0.13439378544069575,1.013879786038067
0.016,6,9,0.14587889409091412,0.15225914242745847,1.013879786038067
0.016,6,10,0.1628069500033762,0.17037246674669115,1.013879786038067
0.016,6,11,0.17995855764736307,0.18873720013191292,1.013879786038067
0.016,6,12,0.19733652994977724,0.2073568320871677,1.013879786038067
0.016,6,13,0.2149146501345481,0.226234900550069,1.013879786038067
0.016,6,14,0.23264106788816483,0.24537499256404732,1.013879786038067
0.016,6,15,0.25045297962794705,0.2647807449599286,1.013879786038067
0.016,6,16,0.2682584611319925,0.2844558450469724,1.013879786038067
0.016,6,17,0.2859139439624024,0.30440403131350197,1.013879786038067
0.016,6,18,0.30323188223985265,0.32462909413725843,1.013879786038067
0.016,6,19,0.319962235694548,0.34513487650561514,1.013879786038067
0.016,6,20,0.33578370905565025,0.3659252747457878,1.013879786038067
0.016,6,21,0.35023712622032205,0.38700423926518024,1.013879786038067
0.016,6,22,0.36256215470170766,0.40837577530200586,1.013879786038067
0.016,6,23,0.37165835296455646,0.4300439436863275,1.013879786038067
0.016,6,24,0.3764035340015533,0.45201286161166027,1.013879786038067
0.016,6,25,0.3763560627457041,0.4742867034172845,1.013879786038067
0.016,6,26,0.37228012765688295,0.4968697013814166,1.013879786038067
0.016,6,27,0.36582512429693737,0.519766146525389,1.013879786038067
0.016,6,28,0.3588062566675008,0.5429803894289921,1.013879786038067
0.016,6,29,0.3527103584599652,0.5665168410571328,1.013879786038067
0.016,6,30,0.34848323030339245,0.5903799735979675,1.013879786038067
0.016,6,31,0.3465064858287214,0.614574321312667,1.013879786038067
0.016,6,32,0.3467003199700651,0.6391044813969771,1.013879786038067
0.016,6,33,0.34871628766912216,0.6639751148547369,1.013879786038067
0.016,6,34,0.35212222089289347,0.6891909473835217,1.013879786038067
0.016,6,35,0.3565163478269517,0.7147567702725778,1.013879786038067
0.016,6,36,0.3615716864253951,0.740677441313221,1.013879786038067
0.016,6,37,0.3670420255378719,0.7669578857218715,1.013879786038067
0.016,6,38,0.37275383818840885,0.7936030970758994,1.013879786038067
0.016,6,39,0.37858152499042297,0.8206181382624602,1.013879786038067
0.016,6,40,0.38443143686326475,0.8480081424405002,1.013879786038067
0.016,7,0,0.0,0.0,1.000666564739756
0.016,7,1,0.016,0.016,1.000666564739756
0.016,7,2,0.03185705776260339,0.03201066503583609,1.000666564739756
0.016,7,3,0.047596755180084604,0.048032002216445116,1.000666564739756
0.016,7,4,0.06324246064473053,0.06406401865550249,1.000666564739756
0.016,7,5,0.07881436489149633,0.08010672147142531,1.000666564739756
0.016,7,6,0.0943304391497297,0.09616011778737561,1.000666564739756
0.016,7,7,0.10980810740886504,0.11222421473126346,1.000666564739756
0.016,7,8,0.12526274283904523,0.12829901943575012,1.000666564739756
0.016,7,9,0.14070992296025803,0.14438453903825127,1.000666564739756
0.016,7,10,0.1561639224973587,0.16048078068094007,1.000666564739756
0.016,7,11,0.1716311369349154,0.1765877515107505,1.000666564739756
0.016,7,12,0.18712057897301468,0.19270545867938038,1.000666564739756
0.016,7,13,0.20263635049276477,0.20883390934329454,1.000666564739756
0.016,7,14,0.21818330088706397,0.22497311066372816,1.000666564739756
0.016,7,15,0.2337677239875353,0.2411230698066898,1.000666564739756
0.016,7,16,0.2493969784478849,0.25728379394296463,1.000666564739756
0.016,7,17,0.26506095848625244,0.27345529024811766,1.000666564739756
0.016,7,18,0.28074669685710474,0.2896375659024968,1.000666564739756
0.016,7,19,0.2964420105519819,0.3058306280912361,1.000666564739756
0.016,7,20,0.3121344936250868,0.32203448400425916,1.000666564739756
0.016,7,21,0.3278088965520892,0.3382491408362819,1.000666564739756
0.016,7,22,0.3434474598674182,0.3544746057868161,1.000666564739756
0.016,7,23,0.3590373164294709,0.3707108860601725,1.000666564739756
0.016,7,24,0.3745724993441416,0.3869579888654639,1.000666564739756
0.016,7,25,0.3900469986537728,0.4032159214166085,1.000666564739756
0.016,7,26,0.40544932695687663,0.41948469093233304,1.000666564739756
0.016,7,27,0.4207711873322864,0.43576430463617594,1.000666564739756
0.016,7,28,0.4360116183360198,0.45205476975649067,1.000666564739756
0.016,7,29,0.4511664668676965,0.46835609352644886,1.000666564739756
0.016,7,30,0.46621863591894364,0.4846682831840434,1.000666564739756
0.016,7,31,0.48115298626645525,0.5009913459720919,1.000666564739756
0.016,7,32,0.49596026916181274,0.5173252891382398,1.000666564739756
0.016,7,33,0.5106292958174372,0.5336701199349634,1.000666564739756
0.016,7,34,0.525146520685432,0.5500258456195734,1.000666564739756
0.016,7,35,0.5394984708784663,0.5663924734542178,1.000666564739756
0.016,7,36,0.5536714705881531,0.5827700107058855,1.000666564739756
0.016,7,37,0.5676489004357602,0.5991584646464092,1.000666564739756
0.016,7,38,0.5814106460819776,0.6155578425524688,1.000666564739756
0.016,7,39,0.5949333354768652,0.6319681517055945,1.000666564739756
0.016,7,40,0.6081963354364994,0.6483893993921702,1.000666564739756
0.016,8,0,0.0,0.0,1.0036913507280065
0.016,8,1,0.016,0.016,1.0036913507280065
0.016,8,2,0.03200241239073254,0.03205906161164811,1.0036913507280065
0.016,8,3,0.04801583375058215,0.04817740285206747,1.0036913507280065
0.016,8,4,0.06404888698696538,0.06435524254315891,1.0036913507280065
0.016,8,5,0.08010849027602168,0.08059280031457164,1.0036913507280065
0.016,8,6,0.09620103053142554,0.09689029660668491,1.0036913507280065
0.016,8,7,0.1123285169344857,0.11324795267360077,1.0036913507280065
0.016,8,8,0.12848902290554168,0.12966599058614772,1.0036913507280065
0.016,8,9,0.14468714405558014,0.14614463323489557,1.0036913507280065
0.016,8,10,0.16091535483162167,0.16268410433318142,1.0036913507280065
0.016,8,11,0.17716563232450283,0.1792846284201468,1.0036913507280065
0.016,8,12,0.1934364833793962,0.19594643086378588,1.0036913507280065
0.016,8,13,0.20971617596065215,0.21266973786400517,1.0036913507280065
0.016,8,14,0.226008175299345,0.2294547764556944,1.0036913507280065
0.016,8,15,0.2422935160985363,0.24630177451180868,1.0036913507280065
0.016,8,16,0.25855195980234047,0.26321096074646216,1.0036913507280065
0.016,8,17,0.2747797090641882,0.28018256471803293,1.0036913507280065
0.016,8,18,0.29097209451106004,0.2972168168322796,1.0036913507280065
0.016,8,19,0.3071191218831993,0.3143139483454692,1.0036913507280065
0.016,8,20,0.32321132583805773,0.3314741913675169,1.0036913507280065
0.016,8,21,0.3392449416924436,0.34869777886513675,1.0036913507280065
0.016,8,22,0.35522272672508437,0.36598494466500486,1.0036913507280065
0.016,8,23,0.3711440059067993,0.38333592345693346,1.0036913507280065
0.016,8,24,0.38700132880034604,0.4007509507970573,1.0036913507280065
0.016,8,25,0.40278356882276467,0.41823026311103134,1.0036913507280065
0.016,8,26,0.4184833616830642,0.4357740976972406,1.0036913507280065
0.016,8,27,0.4340914700629344,0.45338269273002174,1.0036913507280065
0.016,8,28,0.4495827537191167,0.4710562872628963,1.0036913507280065
0.016,8,29,0.46494488057299105,0.48879512123181623,1.0036913507280065
0.016,8,30,0.4801723928274942,0.5065994354584213,1.0036913507280065
0.016,8,31,0.49523935308331263,0.5244694716533085,1.0036913507280065
0.016,8,32,0.5101277652022683,0.5424054724193131,1.0036913507280065
0.016,8,33,0.5248271307708611,0.5604076812548029,1.0036913507280065
0.016,8,34,0.5393099855208279,0.5784763425569833,1.0036913507280065
0.016,8,35,0.5535241564655126,0.5966117016252156,1.0036913507280065
0.016,8,36,0.5674288992739794,0.6148140046643471,1.0036913507280065
0.016,8,37,0.5810008952086387,0.6330834987880535,1.0036913507280065
0.016,8,38,0.5941994247878416,0.6514204320221937,1.0036913507280065
0.016,8,39,0.6069716659886574,0.6698250533081771,1.0036913507280065
0.016,8,40,0.6192703039412031,0.6882976125063432,1.0036913507280065
0.016,9,0,0.0,0.0,0.9888324130866017
0.016,9,1,0.015999999999999997,0.016,0.9888324130866017
0.016,9,2,0.031762926607033184,0.031821318609385627,0.9888324130866017
0.016,9,3,0.04730247920813251,0.047465951268116376,0.9888324130866017
0.016,9,4,0.06262987589528211,0.06293587113190256,0.9888324130866017
0.016,9,5,0.07775317435095182,0.0782330293210666,0.9888324130866017
0.016,9,6,0.09267935055747556,0.09335935516662515,0.9888324130866017
0.016,9,7,0.10741410246405027,0.10831675645362304,0.9888324130866017
0.016,9,8,0.12196280873647997,0.12310711966174982,0.9888324130866017
0.016,9,9,0.1363304889148411,0.1377323102032691,0.9888324130866017
0.016,9,10,0.15052221804081836,0.15219417265829094,0.9888324130866017
0.016,9,11,0.16454404496990566,0.16649453100741674,0.9888324130866017
0.016,9,12,0.17840174267053358,0.18063518886178592,0.9888324130866017
0.016,9,13,0.1921019495790841,0.1946179296905538,0.9888324130866017
0.016,9,14,0.20565055680348462,0.2084445170458289,0.9888324130866017
0.016,9,15,0.21905192104947369,0.22211669478509827,0.9888324130866017
0.016,9,16,0.23230895291699324,0.23563618729116892,0.9888324130866017
0.016,9,17,0.24542407840679098,0.249004699689653,0.9888324130866017
0.016,9,18,0.25839907047534655,0.2622239180640242,0.9888324130866017
0.016,9,19,0.27123593827630954,0.2752955096682724,0.9888324130866017
0.016,9,20,0.2839367661468336,0.2882211231371837,0.9888324130866017
0.016,9,21,0.2965035646703092,0.3010023886942719,0.9888324130866017
0.016,9,22,0.30893808203099177,0.31364091835738817,0.9888324130866017
0.016,9,23,0.3212417370202928,0.326138306142034,0.9888324130866017
0.016,9,24,0.33341500675750274,0.3384961282624043,0.9888324130866017
0.016,9,25,0.3454580749764943,0.35071594333018513,0.9888324130866017
0.016,9,26,0.3573690018438282,0.36279929255113086,0.9888324130866017
0.016,9,27,0.3691447550019888,0.37474769991944673,0.9888324130866017
0.016,9,28,0.3807832208729258,0.38656267241000025,0.9888324130866017
0.016,9,29,0.3922808516088635,0.3982457001683861,0.9888324130866017
0.016,9,30,0.4036297973010845,0.40979825669886855,0.9888324130866017
0.016,9,31,0.41482124263660713,0.42122179905022483,0.9888324130866017
0.016,9,32,0.42584525116959854,0.43251776799951347,0.9888324130866017
0.016,9,33,0.4366922920406079,0.4436875882337899,0.9888324130866017
0.016,9,34,0.4473538341363627,0.454732668529793,0.9888324130866017
0.016,9,35,0.45782078315564007,0.46565440193162505,0.9888324130866017
0.016,9,36,0.4680899537524601,0.4764541659264472,0.9888324130866017
0.016,9,37,0.47815772292730274,0.4871333226182129,0.9888324130866017
0.016,9,38,0.4880232596362265,0.49769321889946155,0.9888324130866017
0.016,9,39,0.4976873150951296,0.5081351866211928,0.9888324130866017
0.016,9,40,0.507138097660131,0.5184605427608449,0.9888324130866017
